,cut_off,accuracy,recall,Performance,Model
0,0.05,0.9967605090628616,0.5238095238095238,0.6867327861487253,AdaBoostDTC
1,0.1,0.9967990744311608,0.5102040816326531,0.6749434522363982,AdaBoostDTC
2,0.15,0.9967990744311608,0.4965986394557823,0.6629299878662757,AdaBoostDTC
3,0.2,0.9967990744311608,0.4965986394557823,0.6629299878662757,AdaBoostDTC
4,0.25,0.9968762051677592,0.4897959183673469,0.6568575393041848,AdaBoostDTC
5,0.3,0.9968762051677592,0.4897959183673469,0.6568575393041848,AdaBoostDTC
6,0.35,0.99683763979946,0.4761904761904761,0.6445017379205792,AdaBoostDTC
7,0.4,0.99683763979946,0.4693877551020408,0.6382420923464069,AdaBoostDTC
8,0.45,0.99683763979946,0.4625850340136054,0.6319240913365988,AdaBoostDTC
9,0.5,0.99683763979946,0.4625850340136054,0.6319240913365988,AdaBoostDTC
10,0.55,0.99683763979946,0.4625850340136054,0.6319240913365988,AdaBoostDTC
11,0.05,0.996953335904358,0.564625850340136,0.7209440673811596,AdaBoostDTC
12,0.1,0.9970690320092556,0.5238095238095238,0.6868059949478605,AdaBoostDTC
13,0.15,0.9970304666409564,0.5170068027210885,0.6809231769978225,AdaBoostDTC
14,0.2,0.9970690320092556,0.5102040816326531,0.6750053261037566,AdaBoostDTC
15,0.25,0.9969919012726572,0.4965986394557823,0.6629726263249732,AdaBoostDTC
16,0.3,0.9969919012726572,0.4897959183673469,0.6568826532448806,AdaBoostDTC
17,0.35,0.996953335904358,0.4761904761904761,0.6445259177905956,AdaBoostDTC
18,0.4,0.9968762051677592,0.4625850340136054,0.6319318401817136,AdaBoostDTC
19,0.45,0.9967990744311608,0.4489795918367347,0.6191022900297938,AdaBoostDTC
20,0.5,0.9967605090628616,0.4421768707482993,0.6125971136294188,AdaBoostDTC
21,0.55,0.996683378326263,0.4285714285714285,0.599401618876064,AdaBoostDTC
22,0.05,0.9966448129579636,0.6326530612244898,0.7739903204473906,AdaBoostDTC
23,0.1,0.9967605090628616,0.5714285714285714,0.7264142326150042,AdaBoostDTC
24,0.15,0.9968762051677592,0.5578231292517006,0.7153545279555752,AdaBoostDTC
25,0.2,0.99683763979946,0.5306122448979592,0.6925716688342337,AdaBoostDTC
26,0.25,0.9969147705360586,0.5238095238095238,0.686769394261424,AdaBoostDTC
27,0.3,0.996953335904358,0.5102040816326531,0.6749788114461535,AdaBoostDTC
28,0.35,0.9968762051677592,0.4897959183673469,0.6568575393041848,AdaBoostDTC
29,0.4,0.996953335904358,0.4829931972789115,0.650728480319624,AdaBoostDTC
30,0.45,0.9969147705360586,0.4761904761904761,0.6445178582559372,AdaBoostDTC
31,0.5,0.9968762051677592,0.4693877551020408,0.6382499969135654,AdaBoostDTC
32,0.55,0.9967990744311608,0.4557823129251701,0.6255393214045827,AdaBoostDTC
33,0.05,0.9967219436945622,0.5782312925170068,0.7318767370755745,AdaBoostDTC
34,0.1,0.9967219436945622,0.54421768707483,0.7040298010679965,AdaBoostDTC
35,0.15,0.9968762051677592,0.5306122448979592,0.6925809764213479,AdaBoostDTC
36,0.2,0.99683763979946,0.5102040816326531,0.6749522927174716,AdaBoostDTC
37,0.25,0.9967990744311608,0.5034013605442177,0.6689639578275401,AdaBoostDTC
38,0.3,0.99683763979946,0.4965986394557823,0.6629385164388658,AdaBoostDTC
39,0.35,0.99683763979946,0.4897959183673469,0.6568491671219648,AdaBoostDTC
40,0.4,0.9967990744311608,0.4761904761904761,0.6444936771198136,AdaBoostDTC
41,0.45,0.996683378326263,0.4557823129251701,0.6255165380687517,AdaBoostDTC
42,0.5,0.996683378326263,0.4557823129251701,0.6255165380687517,AdaBoostDTC
43,0.55,0.9967219436945622,0.4557823129251701,0.6255241329173082,AdaBoostDTC
44,0.05,0.9967990744311608,0.5578231292517006,0.7153346679561758,AdaBoostDTC
45,0.1,0.9967990744311608,0.5306122448979592,0.6925623607771078,AdaBoostDTC
46,0.15,0.9967990744311608,0.4965986394557823,0.6629299878662757,AdaBoostDTC
47,0.2,0.9968762051677592,0.4965986394557823,0.6629470445709965,AdaBoostDTC
48,0.25,0.9967990744311608,0.4761904761904761,0.6444936771198136,AdaBoostDTC
49,0.3,0.9967990744311608,0.4761904761904761,0.6444936771198136,AdaBoostDTC
50,0.35,0.9967219436945622,0.4625850340136054,0.6319008423438932,AdaBoostDTC
51,0.4,0.9967990744311608,0.4625850340136054,0.6319163420819455,AdaBoostDTC
52,0.45,0.9967605090628616,0.4489795918367347,0.6190948514737217,AdaBoostDTC
53,0.5,0.9967219436945622,0.4421768707482993,0.6125898300078491,AdaBoostDTC
54,0.55,0.996683378326263,0.4285714285714285,0.599401618876064,AdaBoostDTC
55,0.05,0.9966062475896644,0.5306122448979592,0.6925158134400583,AdaBoostDTC
56,0.1,0.9966448129579636,0.4897959183673469,0.6568072996944341,AdaBoostDTC
57,0.15,0.996529116853066,0.4557823129251701,0.6254861546409817,AdaBoostDTC
58,0.2,0.9966062475896644,0.4557823129251701,0.62550134716164,AdaBoostDTC
59,0.25,0.9965676822213652,0.4421768707482993,0.612560691616839,AdaBoostDTC
60,0.3,0.9965676822213652,0.4421768707482993,0.612560691616839,AdaBoostDTC
61,0.35,0.9966448129579636,0.4421768707482993,0.6125752615933532,AdaBoostDTC
62,0.4,0.9966448129579636,0.4421768707482993,0.6125752615933532,AdaBoostDTC
63,0.45,0.9965676822213652,0.4217687074829932,0.5926958742663866,AdaBoostDTC
64,0.5,0.996529116853066,0.4149659863945578,0.5859399540166649,AdaBoostDTC
65,0.55,0.9964905514847668,0.4081632653061224,0.5791189722033427,AdaBoostDTC
66,0.05,0.9967605090628616,0.5306122448979592,0.6925530522499348,AdaBoostDTC
67,0.1,0.9968762051677592,0.5034013605442177,0.6689813264486923,AdaBoostDTC
68,0.15,0.9968762051677592,0.4897959183673469,0.6568575393041848,AdaBoostDTC
69,0.2,0.99683763979946,0.4829931972789115,0.6507038328316804,AdaBoostDTC
70,0.25,0.99683763979946,0.4761904761904761,0.6445017379205792,AdaBoostDTC
71,0.3,0.9967605090628616,0.4625850340136054,0.6319085924177211,AdaBoostDTC
72,0.35,0.9967219436945622,0.4557823129251701,0.6255241329173082,AdaBoostDTC
73,0.4,0.9967219436945622,0.4557823129251701,0.6255241329173082,AdaBoostDTC
74,0.45,0.9967219436945622,0.4557823129251701,0.6255241329173082,AdaBoostDTC
75,0.5,0.996683378326263,0.4489795918367347,0.6190799731709655,AdaBoostDTC
76,0.55,0.996683378326263,0.4489795918367347,0.6190799731709655,AdaBoostDTC
77,0.05,0.9966062475896644,0.4965986394557823,0.662887338395239,AdaBoostDTC
78,0.1,0.9966062475896644,0.4557823129251701,0.62550134716164,AdaBoostDTC
79,0.15,0.9964519861164676,0.4285714285714285,0.5993597674130892,AdaBoostDTC
80,0.2,0.9964134207481682,0.4217687074829932,0.5926685892055774,AdaBoostDTC
81,0.25,0.9963748553798688,0.4081632653061224,0.5790994326905621,AdaBoostDTC
82,0.3,0.9962977246432704,0.3945578231292517,0.565259364358041,AdaBoostDTC
83,0.35,0.9962591592749712,0.3877551020408163,0.5582378487870538,AdaBoostDTC
84,0.4,0.9962591592749712,0.3877551020408163,0.5582378487870538,AdaBoostDTC
85,0.45,0.9962205939066718,0.3809523809523809,0.5511473346205955,AdaBoostDTC
86,0.5,0.9962205939066718,0.3741496598639456,0.5439925382706539,AdaBoostDTC
87,0.55,0.9962205939066718,0.3741496598639456,0.5439925382706539,AdaBoostDTC
88,0.05,0.9967605090628616,0.5170068027210885,0.6808602086431953,AdaBoostDTC
89,0.1,0.9967990744311608,0.4897959183673469,0.6568407945053613,AdaBoostDTC
90,0.15,0.9967605090628616,0.4693877551020408,0.6382262819645661,AdaBoostDTC
91,0.2,0.9966448129579636,0.4489795918367347,0.6190725334242176,AdaBoostDTC
92,0.25,0.9966062475896644,0.4421768707482993,0.6125679768003641,AdaBoostDTC
93,0.3,0.9966062475896644,0.4285714285714285,0.5993876698984087,AdaBoostDTC
94,0.35,0.9966062475896644,0.4285714285714285,0.5993876698984087,AdaBoostDTC
95,0.4,0.9965676822213652,0.4217687074829932,0.5926958742663866,AdaBoostDTC
96,0.45,0.996529116853066,0.4149659863945578,0.5859399540166649,AdaBoostDTC
97,0.5,0.996529116853066,0.4081632653061224,0.5791254846590018,AdaBoostDTC
98,0.55,0.9964905514847668,0.4013605442176871,0.5722383325109798,AdaBoostDTC
99,0.05,0.9967605090628616,0.4965986394557823,0.662921458853192,AdaBoostDTC
100,0.1,0.996683378326263,0.4761904761904761,0.6444694921847726,AdaBoostDTC
101,0.15,0.9967219436945622,0.4625850340136054,0.6319008423438932,AdaBoostDTC
102,0.2,0.9967605090628616,0.4625850340136054,0.6319085924177211,AdaBoostDTC
103,0.25,0.996683378326263,0.4421768707482993,0.6125825459958377,AdaBoostDTC
104,0.3,0.9966062475896644,0.4285714285714285,0.5993876698984087,AdaBoostDTC
105,0.35,0.9966062475896644,0.4285714285714285,0.5993876698984087,AdaBoostDTC
106,0.4,0.9966062475896644,0.4285714285714285,0.5993876698984087,AdaBoostDTC
107,0.45,0.9964519861164676,0.4013605442176871,0.5722319735378156,AdaBoostDTC
108,0.5,0.9964519861164676,0.4013605442176871,0.5722319735378156,AdaBoostDTC
109,0.55,0.9964134207481682,0.3945578231292517,0.5652779839376958,AdaBoostDTC
110,0.05,0.9968762051677592,0.5306122448979592,0.6925809764213479,AdaBoostDTC
111,0.1,0.9969919012726572,0.5238095238095238,0.6867876955327838,AdaBoostDTC
112,0.15,0.9969147705360586,0.5034013605442177,0.6689900100895823,AdaBoostDTC
113,0.2,0.996953335904358,0.5034013605442177,0.6689986932840606,AdaBoostDTC
114,0.25,0.9967990744311608,0.4761904761904761,0.6444936771198136,AdaBoostDTC
115,0.3,0.9967219436945622,0.4625850340136054,0.6319008423438932,AdaBoostDTC
116,0.35,0.996683378326263,0.4557823129251701,0.6255165380687517,AdaBoostDTC
117,0.4,0.996683378326263,0.4557823129251701,0.6255165380687517,AdaBoostDTC
118,0.45,0.9966448129579636,0.4489795918367347,0.6190725334242176,AdaBoostDTC
119,0.5,0.9966448129579636,0.4421768707482993,0.6125752615933532,AdaBoostDTC
120,0.55,0.9966062475896644,0.4353741496598639,0.6060091303253361,AdaBoostDTC
121,0.05,0.9966448129579636,0.5170068027210885,0.6808332153297949,AdaBoostDTC
122,0.1,0.9968762051677592,0.5034013605442177,0.6689813264486923,AdaBoostDTC
123,0.15,0.99683763979946,0.4897959183673469,0.6568491671219648,AdaBoostDTC
124,0.2,0.99683763979946,0.4829931972789115,0.6507038328316804,AdaBoostDTC
125,0.25,0.9967219436945622,0.4625850340136054,0.6319008423438932,AdaBoostDTC
126,0.3,0.9967219436945622,0.4625850340136054,0.6319008423438932,AdaBoostDTC
127,0.35,0.99683763979946,0.4625850340136054,0.6319240913365988,AdaBoostDTC
128,0.4,0.9967990744311608,0.4557823129251701,0.6255393214045827,AdaBoostDTC
129,0.45,0.996683378326263,0.4353741496598639,0.6060233891988184,AdaBoostDTC
130,0.5,0.9967219436945622,0.4353741496598639,0.606030518059587,AdaBoostDTC
131,0.55,0.9966448129579636,0.4217687074829932,0.5927095145712235,AdaBoostDTC
132,0.05,0.9966448129579636,0.5102040816326531,0.674908085786947,AdaBoostDTC
133,0.1,0.9967605090628616,0.5034013605442177,0.6689552728472091,AdaBoostDTC
134,0.15,0.9967219436945622,0.4761904761904761,0.6444775542519434,AdaBoostDTC
135,0.2,0.996683378326263,0.4693877551020408,0.6382104699191409,AdaBoostDTC
136,0.25,0.9967605090628616,0.4693877551020408,0.6382262819645661,AdaBoostDTC
137,0.3,0.9966448129579636,0.4489795918367347,0.6190725334242176,AdaBoostDTC
138,0.35,0.9966062475896644,0.4421768707482993,0.6125679768003641,AdaBoostDTC
139,0.4,0.9966062475896644,0.4421768707482993,0.6125679768003641,AdaBoostDTC
140,0.45,0.9967219436945622,0.4421768707482993,0.6125898300078491,AdaBoostDTC
141,0.5,0.9966448129579636,0.4285714285714285,0.5993946445759611,AdaBoostDTC
142,0.55,0.9965676822213652,0.4149659863945578,0.5859466202707367,AdaBoostDTC
143,0.05,0.9968762051677592,0.5306122448979592,0.6925809764213479,AdaBoostDTC
144,0.1,0.9967605090628616,0.4965986394557823,0.662921458853192,AdaBoostDTC
145,0.15,0.99683763979946,0.4897959183673469,0.6568491671219648,AdaBoostDTC
146,0.2,0.9967990744311608,0.4693877551020408,0.6382341873634182,AdaBoostDTC
147,0.25,0.9967605090628616,0.4625850340136054,0.6319085924177211,AdaBoostDTC
148,0.3,0.9967219436945622,0.4557823129251701,0.6255241329173082,AdaBoostDTC
149,0.35,0.9967219436945622,0.4489795918367347,0.6190874125207896,AdaBoostDTC
150,0.4,0.996683378326263,0.4421768707482993,0.6125825459958377,AdaBoostDTC
151,0.45,0.9967219436945622,0.4421768707482993,0.6125898300078491,AdaBoostDTC
152,0.5,0.996683378326263,0.4353741496598639,0.6060233891988184,AdaBoostDTC
153,0.55,0.996683378326263,0.4353741496598639,0.6060233891988184,AdaBoostDTC
154,0.05,0.9967605090628616,0.5306122448979592,0.6925530522499348,AdaBoostDTC
155,0.1,0.996683378326263,0.4965986394557823,0.6629043995054075,AdaBoostDTC
156,0.15,0.9968762051677592,0.4897959183673469,0.6568575393041848,AdaBoostDTC
157,0.2,0.9967605090628616,0.4625850340136054,0.6319085924177211,AdaBoostDTC
158,0.25,0.9967605090628616,0.4557823129251701,0.6255317273625745,AdaBoostDTC
159,0.3,0.996683378326263,0.4421768707482993,0.6125825459958377,AdaBoostDTC
160,0.35,0.996683378326263,0.4421768707482993,0.6125825459958377,AdaBoostDTC
161,0.4,0.996683378326263,0.4421768707482993,0.6125825459958377,AdaBoostDTC
162,0.45,0.9966448129579636,0.4353741496598639,0.6060162599540785,AdaBoostDTC
163,0.5,0.9966062475896644,0.4285714285714285,0.5993876698984087,AdaBoostDTC
164,0.55,0.9966062475896644,0.4285714285714285,0.5993876698984087,AdaBoostDTC
165,0.05,0.0056691091399922,1.0,0.0112743030256547,AdaBoostDTC
166,0.1,0.0056691091399922,1.0,0.0112743030256547,AdaBoostDTC
167,0.15,0.0056691091399922,1.0,0.0112743030256547,AdaBoostDTC
168,0.2,0.0056691091399922,1.0,0.0112743030256547,AdaBoostDTC
169,0.25,0.0056691091399922,1.0,0.0112743030256547,AdaBoostDTC
170,0.3,0.0056691091399922,1.0,0.0112743030256547,AdaBoostDTC
171,0.35,0.0056691091399922,1.0,0.0112743030256547,AdaBoostDTC
172,0.4,0.0056691091399922,1.0,0.0112743030256547,AdaBoostDTC
173,0.45,0.0601234091785576,0.9727891156462584,0.1132475338206724,AdaBoostDTC
174,0.5,0.0911299652911685,0.8571428571428571,0.164744569227462,AdaBoostDTC
175,0.55,0.995372155804088,0.2789115646258503,0.4357284031952564,AdaBoostDTC
176,0.05,0.0056691091399922,1.0,0.0112743030256547,AdaBoostDTC
177,0.1,0.0056691091399922,1.0,0.0112743030256547,AdaBoostDTC
178,0.15,0.0056691091399922,1.0,0.0112743030256547,AdaBoostDTC
179,0.2,0.0056691091399922,1.0,0.0112743030256547,AdaBoostDTC
180,0.25,0.0056691091399922,1.0,0.0112743030256547,AdaBoostDTC
181,0.3,0.0056691091399922,1.0,0.0112743030256547,AdaBoostDTC
182,0.35,0.0056691091399922,1.0,0.0112743030256547,AdaBoostDTC
183,0.4,0.0056691091399922,1.0,0.0112743030256547,AdaBoostDTC
184,0.45,0.0056691091399922,1.0,0.0112743030256547,AdaBoostDTC
185,0.5,0.517161588893174,0.8639455782312925,0.6470163628005577,AdaBoostDTC
186,0.55,0.9943308908600076,0.0,0.0,AdaBoostDTC
187,0.05,0.0056691091399922,1.0,0.0112743030256547,AdaBoostDTC
188,0.1,0.0056691091399922,1.0,0.0112743030256547,AdaBoostDTC
189,0.15,0.0056691091399922,1.0,0.0112743030256547,AdaBoostDTC
190,0.2,0.0056691091399922,1.0,0.0112743030256547,AdaBoostDTC
191,0.25,0.0056691091399922,1.0,0.0112743030256547,AdaBoostDTC
192,0.3,0.0056691091399922,1.0,0.0112743030256547,AdaBoostDTC
193,0.35,0.0056691091399922,1.0,0.0112743030256547,AdaBoostDTC
194,0.4,0.0056691091399922,1.0,0.0112743030256547,AdaBoostDTC
195,0.45,0.0056691091399922,1.0,0.0112743030256547,AdaBoostDTC
196,0.5,0.1017740069417662,0.8367346938775511,0.181474806719997,AdaBoostDTC
197,0.55,0.9943308908600076,0.0,0.0,AdaBoostDTC
198,0.05,0.0056691091399922,1.0,0.0112743030256547,AdaBoostDTC
199,0.1,0.0056691091399922,1.0,0.0112743030256547,AdaBoostDTC
200,0.15,0.0056691091399922,1.0,0.0112743030256547,AdaBoostDTC
201,0.2,0.0056691091399922,1.0,0.0112743030256547,AdaBoostDTC
202,0.25,0.0056691091399922,1.0,0.0112743030256547,AdaBoostDTC
203,0.3,0.0056691091399922,1.0,0.0112743030256547,AdaBoostDTC
204,0.35,0.0056691091399922,1.0,0.0112743030256547,AdaBoostDTC
205,0.4,0.0056691091399922,1.0,0.0112743030256547,AdaBoostDTC
206,0.45,0.0056691091399922,1.0,0.0112743030256547,AdaBoostDTC
207,0.5,0.1632472040107983,0.8435374149659864,0.2735542873343581,AdaBoostDTC
208,0.55,0.9943308908600076,0.0,0.0,AdaBoostDTC
209,0.05,0.0056691091399922,1.0,0.0112743030256547,AdaBoostDTC
210,0.1,0.0056691091399922,1.0,0.0112743030256547,AdaBoostDTC
211,0.15,0.0056691091399922,1.0,0.0112743030256547,AdaBoostDTC
212,0.2,0.0056691091399922,1.0,0.0112743030256547,AdaBoostDTC
213,0.25,0.0056691091399922,1.0,0.0112743030256547,AdaBoostDTC
214,0.3,0.0056691091399922,1.0,0.0112743030256547,AdaBoostDTC
215,0.35,0.0056691091399922,1.0,0.0112743030256547,AdaBoostDTC
216,0.4,0.0056691091399922,1.0,0.0112743030256547,AdaBoostDTC
217,0.45,0.0056691091399922,1.0,0.0112743030256547,AdaBoostDTC
218,0.5,0.2315464712688006,0.8435374149659864,0.3633541797424441,AdaBoostDTC
219,0.55,0.9943308908600076,0.0,0.0,AdaBoostDTC
0,0.05,0.9751949954468068,0.7414448669201521,0.8424053751417453,DecisionTrees
1,0.1,0.994887106004816,0.463403041825095,0.6322935279803736,DecisionTrees
2,0.15,0.994887106004816,0.463403041825095,0.6322935279803736,DecisionTrees
3,0.2,0.994887106004816,0.463403041825095,0.6322935279803736,DecisionTrees
4,0.25,0.994887106004816,0.463403041825095,0.6322935279803736,DecisionTrees
5,0.3,0.994887106004816,0.463403041825095,0.6322935279803736,DecisionTrees
6,0.35,0.994887106004816,0.463403041825095,0.6322935279803736,DecisionTrees
7,0.4,0.994887106004816,0.463403041825095,0.6322935279803736,DecisionTrees
8,0.45,0.9967605740262826,0.3260456273764258,0.4913636273520123,DecisionTrees
9,0.5,0.9967605740262826,0.3260456273764258,0.4913636273520123,DecisionTrees
10,0.55,0.9967605740262826,0.3260456273764258,0.4913636273520123,DecisionTrees
11,0.05,0.9927670816731275,0.6321292775665399,0.7724272807448803,DecisionTrees
12,0.1,0.9941402383497644,0.6245247148288974,0.7671323798493216,DecisionTrees
13,0.15,0.9941402383497644,0.6245247148288974,0.7671323798493216,DecisionTrees
14,0.2,0.9941402383497644,0.6245247148288974,0.7671323798493216,DecisionTrees
15,0.25,0.9941402383497644,0.6245247148288974,0.7671323798493216,DecisionTrees
16,0.3,0.9957833471908778,0.4638783269961977,0.6329169578324856,DecisionTrees
17,0.35,0.9957851468719744,0.4638783269961977,0.6329173213528704,DecisionTrees
18,0.4,0.9957851468719744,0.4638783269961977,0.6329173213528704,DecisionTrees
19,0.45,0.9957851468719744,0.4638783269961977,0.6329173213528704,DecisionTrees
20,0.5,0.9957779481475882,0.4619771863117871,0.6311439881803653,DecisionTrees
21,0.55,0.996740777534221,0.3250950570342205,0.4902810038080309,DecisionTrees
22,0.05,0.9904670892317882,0.7072243346007605,0.82521760820887,DecisionTrees
23,0.1,0.9928372692358914,0.6886882129277566,0.8132559773026338,DecisionTrees
24,0.15,0.993305186320984,0.6820342205323194,0.8087532899086917,DecisionTrees
25,0.2,0.9950940693309146,0.6135931558935361,0.7591070542957858,DecisionTrees
26,0.25,0.9951264635906516,0.6135931558935361,0.759116479854386,DecisionTrees
27,0.3,0.9951264635906516,0.6135931558935361,0.759116479854386,DecisionTrees
28,0.35,0.9951264635906516,0.6135931558935361,0.759116479854386,DecisionTrees
29,0.4,0.9951264635906516,0.6135931558935361,0.759116479854386,DecisionTrees
30,0.45,0.996568008148956,0.3978136882129277,0.5686368315234354,DecisionTrees
31,0.5,0.996568008148956,0.3978136882129277,0.5686368315234354,DecisionTrees
32,0.55,0.996568008148956,0.3978136882129277,0.5686368315234354,DecisionTrees
33,0.05,0.9909584021711352,0.7062737642585551,0.8247403446251435,DecisionTrees
34,0.1,0.9930604296918586,0.6829847908745247,0.8093399409231469,DecisionTrees
35,0.15,0.9930856252272098,0.6825095057034221,0.8090145007983516,DecisionTrees
36,0.2,0.993242197482606,0.6825095057034221,0.8090664505472738,DecisionTrees
37,0.25,0.993242197482606,0.6825095057034221,0.8090664505472738,DecisionTrees
38,0.3,0.993242197482606,0.6825095057034221,0.8090664505472738,DecisionTrees
39,0.35,0.9957005618604384,0.5903041825095057,0.7411909810229191,DecisionTrees
40,0.4,0.995741954525658,0.5888783269961977,0.7400774344978697,DecisionTrees
41,0.45,0.995741954525658,0.5888783269961977,0.7400774344978697,DecisionTrees
42,0.5,0.995741954525658,0.5888783269961977,0.7400774344978697,DecisionTrees
43,0.55,0.995741954525658,0.5888783269961977,0.7400774344978697,DecisionTrees
44,0.05,0.9872024677227196,0.7442965779467681,0.8487113178656407,DecisionTrees
45,0.1,0.9920670057265852,0.7048479087452472,0.8241501661138825,DecisionTrees
46,0.15,0.9935013515605036,0.6725285171102662,0.8020960527497816,DecisionTrees
47,0.2,0.9941546357985364,0.6625475285171103,0.7951636825249572,DecisionTrees
48,0.25,0.9943759965734073,0.6563688212927756,0.7907671661043197,DecisionTrees
49,0.3,0.9943777962545036,0.6563688212927756,0.790767735168275,DecisionTrees
50,0.35,0.99476652737135,0.6449619771863118,0.7825522146488069,DecisionTrees
51,0.4,0.99476652737135,0.6449619771863118,0.7825522146488069,DecisionTrees
52,0.45,0.9948655098316578,0.6444866920152091,0.782232860893577,DecisionTrees
53,0.5,0.9956177765299988,0.6026615969581749,0.7508331886358491,DecisionTrees
54,0.55,0.9959723137060112,0.5522813688212928,0.7105514541050871,DecisionTrees
55,0.05,0.9825017006986362,0.7775665399239544,0.8681032135565411,DecisionTrees
56,0.1,0.9925169260007128,0.6986692015209125,0.8200646834788342,DecisionTrees
57,0.15,0.9928768622200146,0.6934410646387833,0.8165738825721592,DecisionTrees
58,0.2,0.9933249828130456,0.6863117870722434,0.8117596093642148,DecisionTrees
59,0.25,0.9933249828130456,0.6863117870722434,0.8117596093642148,DecisionTrees
60,0.3,0.993330381856335,0.6848859315589354,0.8107631876596185,DecisionTrees
61,0.35,0.9941276405820888,0.6763307984790875,0.8049995441046611,DecisionTrees
62,0.4,0.995522393431884,0.6354562737642585,0.7757439913872557,DecisionTrees
63,0.45,0.995522393431884,0.6354562737642585,0.7757439913872557,DecisionTrees
64,0.5,0.9956771660061836,0.625,0.7679484129308581,DecisionTrees
65,0.55,0.9957851468719744,0.6183460076045627,0.7629364792229574,DecisionTrees
66,0.05,0.9842437920000576,0.7918250950570342,0.8776111555572667,DecisionTrees
67,0.1,0.9926806969804952,0.7019961977186312,0.8224081853109927,DecisionTrees
68,0.15,0.9933807729270372,0.6948669201520913,0.817732422856936,DecisionTrees
69,0.2,0.9933915710136164,0.6943916349809885,0.817406873966351,DecisionTrees
70,0.25,0.9937911002170416,0.6758555133079848,0.8045525187393531,DecisionTrees
71,0.3,0.9940556533382284,0.6611216730038023,0.7941043248172834,DecisionTrees
72,0.35,0.9940736501491936,0.6606463878326996,0.7937671039648313,DecisionTrees
73,0.4,0.9943166070972224,0.6554182509505704,0.7900581700576366,DecisionTrees
74,0.45,0.9946891410842,0.6449619771863118,0.7825282683258943,DecisionTrees
75,0.5,0.995162457212582,0.6226235741444867,0.7659994510452667,DecisionTrees
76,0.55,0.995481000766664,0.5822243346007605,0.7347294203630126,DecisionTrees
77,0.05,0.9873356441238612,0.7618821292775665,0.860079738835463,DecisionTrees
78,0.1,0.9908954133327574,0.7195817490494296,0.8337208707984194,DecisionTrees
79,0.15,0.9912985418983756,0.7134030418250951,0.8296999332896741,DecisionTrees
80,0.2,0.9933861719703267,0.6791825095057035,0.806771668822187,DecisionTrees
81,0.25,0.9937911002170416,0.6701520912547528,0.800497501951047,DecisionTrees
82,0.3,0.9938792845907704,0.6682509505703422,0.79916815497382,DecisionTrees
83,0.35,0.993969268645596,0.6673003802281369,0.7985170515237681,DecisionTrees
84,0.4,0.994174432290598,0.6606463878326996,0.7937992314110135,DecisionTrees
85,0.45,0.994174432290598,0.6606463878326996,0.7937992314110135,DecisionTrees
86,0.5,0.9942536182588444,0.6549429657794676,0.789692896264557,DecisionTrees
87,0.55,0.9955187940696908,0.5755703422053232,0.7294189486066466,DecisionTrees
0,0.05,0.9937138449672196,0.3537414965986394,0.5217506092647176,LogisticRegression
1,0.1,0.9939838025453144,0.1904761904761904,0.319690406124898,LogisticRegression
2,0.15,0.993790975703818,0.0884353741496598,0.1624175511431995,LogisticRegression
3,0.2,0.9936752795989202,0.0476190476190476,0.0908827969581105,LogisticRegression
4,0.25,0.9937138449672196,0.0340136054421768,0.0657757864338046,LogisticRegression
5,0.3,0.9937524103355188,0.0340136054421768,0.0657758709151085,LogisticRegression
6,0.35,0.9937524103355188,0.0272108843537414,0.0529713106329093,LogisticRegression
7,0.4,0.9938681064404165,0.0272108843537414,0.0529714749809676,LogisticRegression
8,0.45,0.9938681064404165,0.0272108843537414,0.0529714749809676,LogisticRegression
9,0.5,0.9938681064404165,0.0272108843537414,0.0529714749809676,LogisticRegression
10,0.55,0.9938681064404165,0.0272108843537414,0.0529714749809676,LogisticRegression
0,0.05,0.927150708894384,0.7029467680608364,0.7996302105073735,
1,0.1,0.9725134706130074,0.6734790874524715,0.7958328626873769,
2,0.15,0.9962134709729435,0.0,0.0,
3,0.2,0.9962134709729435,0.0,0.0,
4,0.25,0.9962134709729435,0.0,0.0,
5,0.3,0.9962134709729435,0.0,0.0,
6,0.35,0.9962134709729435,0.0,0.0,
7,0.4,0.9962134709729435,0.0,0.0,
8,0.45,0.9962134709729435,0.0,0.0,
9,0.5,0.9962134709729435,0.0,0.0,
10,0.55,0.9962134709729435,0.0,0.0,
11,0.05,0.996172078307724,0.0042775665399239,0.0085185543762665,
12,0.1,0.9961918747997854,0.0042775665399239,0.0085185551000567,
13,0.15,0.9962026728863644,0.0042775665399239,0.0085185554948393,
14,0.2,0.996208071929654,0.0042775665399239,0.0085185556922275,
15,0.25,0.9962098716107506,0.0042775665399239,0.008518555758023,
16,0.3,0.9962098716107506,0.0042775665399239,0.008518555758023,
17,0.35,0.9962098716107506,0.0042775665399239,0.008518555758023,
18,0.4,0.9962116712918472,0.0042775665399239,0.0085185558238183,
19,0.45,0.9962134709729435,0.0042775665399239,0.0085185558896134,
20,0.5,0.9962134709729435,0.0042775665399239,0.0085185558896134,
21,0.55,0.9962170703351366,0.0042775665399239,0.0085185560212029,
22,0.05,0.936620630824218,0.6962927756653993,0.7987712957591163,
23,0.1,0.9749556378609712,0.6663498098859315,0.7916399775894195,
24,0.15,0.9962134709729435,0.0,0.0,
25,0.2,0.9962134709729435,0.0,0.0,
26,0.25,0.9962134709729435,0.0,0.0,
27,0.3,0.9962134709729435,0.0,0.0,
28,0.35,0.9962134709729435,0.0,0.0,
29,0.4,0.9962134709729435,0.0,0.0,
30,0.45,0.9962134709729435,0.0,0.0,
31,0.5,0.9962134709729435,0.0,0.0,
32,0.55,0.9962134709729435,0.0,0.0,
33,0.05,0.9317003027063604,0.7276615969581749,0.8171364309265934,
34,0.1,0.9330734593829972,0.7271863117870723,0.8173639563367123,
35,0.15,0.9962134709729435,0.0,0.0,
36,0.2,0.9962134709729435,0.0,0.0,
37,0.25,0.9962134709729435,0.0,0.0,
38,0.3,0.9962134709729435,0.0,0.0,
39,0.35,0.9962134709729435,0.0,0.0,
40,0.4,0.9962134709729435,0.0,0.0,
41,0.45,0.9962134709729435,0.0,0.0,
42,0.5,0.9962134709729435,0.0,0.0,
43,0.55,0.9962134709729435,0.0,0.0,
44,0.05,0.9385174946999392,0.7105513307984791,0.8087774682601759,
45,0.1,0.9723119063301984,0.6829847908745247,0.8023627971120272,
46,0.15,0.9959669146627218,0.0038022813688212,0.007575641375262,
47,0.2,0.996112688831539,0.0038022813688212,0.007575645591608,
48,0.25,0.9961666792644344,0.0038022813688212,0.0075756471529057,
49,0.3,0.9961954741619784,0.0038022813688212,0.0075756479855289,
50,0.35,0.996208071929654,0.0038022813688212,0.0075756483497865,
51,0.4,0.9962206696973296,0.0038022813688212,0.0075756487140348,
52,0.45,0.9962206696973296,0.0038022813688212,0.0075756487140348,
53,0.5,0.9962224693784262,0.0038022813688212,0.0075756487660696,
54,0.55,0.9962242690595228,0.0038022813688212,0.0075756488181041,
55,0.05,0.9500696476584348,0.723384030418251,0.821373450493217,
56,0.1,0.9515957772282752,0.7229087452471483,0.8216363707177431,
57,0.15,0.9539173658427726,0.7214828897338403,0.8215768803719928,
58,0.2,0.9961828763943028,0.0047528517110266,0.0094605664592039,
59,0.25,0.9961882754375924,0.0047528517110266,0.0094605667026712,
60,0.3,0.996193674480882,0.0042775665399239,0.0085185551658544,
61,0.35,0.9961990735241716,0.0042775665399239,0.0085185553632461,
62,0.4,0.9962098716107506,0.0042775665399239,0.008518555758023,
63,0.45,0.9962098716107506,0.0042775665399239,0.008518555758023,
64,0.5,0.9962116712918472,0.0042775665399239,0.0085185558238183,
65,0.55,0.9962116712918472,0.0042775665399239,0.0085185558238183,
66,0.05,0.9293067268480024,0.7252851711026616,0.8147173804291229,
67,0.1,0.9549287866190111,0.7081749049429658,0.8132464693840993,
68,0.15,0.9653327430379336,0.6991444866920152,0.8109537974607808,
69,0.2,0.9708397671932534,0.69106463878327,0.8074026768556711,
70,0.25,0.996164879583338,0.0019011406844106,0.003795038689823,
71,0.3,0.9961828763943028,0.0014258555133079,0.0028476351522179,
72,0.35,0.996200873205268,0.0009505703422053,0.001899328353934,
73,0.4,0.9962026728863644,0.0,0.0,
74,0.45,0.996208071929654,0.0,0.0,
75,0.5,0.9962098716107506,0.0,0.0,
76,0.55,0.9962134709729435,0.0,0.0,
77,0.05,0.9223725555831508,0.7395437262357415,0.8209015630883418,
78,0.1,0.9903969016690244,0.4344106463878327,0.6039257144886755,
79,0.15,0.990459890507402,0.4329847908745247,0.6025581101537526,
80,0.2,0.9904994834915252,0.432509505703422,0.6021050397535122,
81,0.25,0.990537276794552,0.4320342205323194,0.6016513069357656,
82,0.3,0.9905948665896404,0.4310836501901141,0.6007395426025227,
83,0.35,0.9962134709729435,0.0,0.0,
84,0.4,0.9962134709729435,0.0,0.0,
85,0.45,0.9962134709729435,0.0,0.0,
86,0.5,0.9962134709729435,0.0,0.0,
87,0.55,0.9962134709729435,0.0,0.0,
88,0.05,0.9786323863411404,0.657319391634981,0.7864217680301788,
89,0.1,0.9889643555162024,0.5019011406844106,0.6658713873179795,
90,0.15,0.9919536258175052,0.4743346007604562,0.6417809521298999,
91,0.2,0.9935391448635302,0.4491444866920152,0.6186285329195863,
92,0.25,0.9946279519269186,0.4282319391634981,0.5986976782000201,
93,0.3,0.9952956336137236,0.4144486692015209,0.5852110201680351,
94,0.35,0.995741954525658,0.3987642585551331,0.5694722597634765,
95,0.4,0.996109089469346,0.3859315589353612,0.5563221808451673,
96,0.45,0.9964060368502702,0.373574144486692,0.5434115585737228,
97,0.5,0.9966112004952722,0.3612167300380228,0.5302478036679968,
98,0.55,0.996747976258607,0.3450570342205323,0.5126451278197244,
99,0.05,0.969725764594514,0.6649239543726235,0.7889077183564644,
100,0.1,0.9715416428208922,0.6615969581749049,0.787157924304315,
101,0.15,0.9911383702807862,0.4315589353612167,0.6013009488072504,
102,0.2,0.9912427517843838,0.4306083650190114,0.6003967864686633,
103,0.25,0.9913165387093408,0.4296577946768061,0.5994856737961294,
104,0.3,0.991370529142236,0.4287072243346007,0.5985696301419101,
105,0.35,0.9914857087324126,0.4268060836501901,0.5967349379189778,
106,0.4,0.9962134709729435,0.0,0.0,
107,0.45,0.9962134709729435,0.0,0.0,
108,0.5,0.9962134709729435,0.0,0.0,
109,0.55,0.9962134709729435,0.0,0.0,
110,0.05,0.9631227346514196,0.7257604562737643,0.8277616819258342,
111,0.1,0.9756683115751889,0.6796577946768061,0.8011962965807138,
112,0.15,0.9799875462068122,0.6449619771863118,0.7779376483026847,
113,0.2,0.9824225147303898,0.6135931558935361,0.7553907424964442,
114,0.25,0.9957401548445616,0.0746197718631178,0.1388353605837843,
115,0.3,0.996006507646845,0.0722433460076045,0.1347153805106578,
116,0.35,0.9961468827723728,0.0693916349809885,0.1297452128197776,
117,0.4,0.9962296681028122,0.0665399239543726,0.1247477286743525,
118,0.45,0.996281858854611,0.0636882129277566,0.1197230239833063,
119,0.5,0.9963088540710586,0.061787072243346,0.1163580836334909,
120,0.55,0.9963268508820236,0.060361216730038,0.1138264031237739,
121,0.05,0.9793720552718058,0.6216730038022814,0.7605646874085428,
122,0.1,0.9803024903987012,0.6140684410646388,0.7551226758736912,
123,0.15,0.9806714250234858,0.6131178707224335,0.7545127547206061,
124,0.2,0.9809917682586644,0.6121673003802282,0.7538871595329069,
125,0.25,0.9813013134072642,0.6078897338403042,0.7507253394831828,
126,0.3,0.9818340190118312,0.6055133079847909,0.7490655064997266,
127,0.35,0.9962134709729435,0.0,0.0,
128,0.4,0.9962134709729435,0.0,0.0,
129,0.45,0.9962134709729435,0.0,0.0,
130,0.5,0.9962134709729435,0.0,0.0,
131,0.55,0.9962134709729435,0.0,0.0,
132,0.05,0.9665097344750512,0.7252851711026616,0.8286999515485007,
133,0.1,0.9777955346312632,0.686787072243346,0.8068537178132471,
134,0.15,0.9838730576941764,0.6307034220532319,0.768662385631646,
135,0.2,0.9876361908669784,0.5370722433460076,0.6957815313882338,
136,0.25,0.9890309437167734,0.528041825095057,0.6884965775303146,
137,0.3,0.9901503453588024,0.5171102661596958,0.679400635449195,
138,0.35,0.99109517793447,0.5009505703422054,0.6655153774247629,
139,0.4,0.9919104334711888,0.4900190114068441,0.6559758586262382,
140,0.45,0.9926105094177312,0.4738593155893536,0.6414830071763847,
141,0.5,0.9932439971637026,0.4610266159695818,0.6297478814591365,
142,0.55,0.9937407091463392,0.4491444866920152,0.6186676001692019,
143,0.05,0.9647874396656912,0.6806083650190115,0.7981573795583764,
144,0.1,0.9922937655447456,0.4077946768060836,0.5780379341430417,
145,0.15,0.9924575365245278,0.4049429657794677,0.5751947241865216,
146,0.2,0.9925043282330372,0.4035171102661597,0.573762647779684,
147,0.25,0.9925403218549672,0.4025665399239543,0.5728070501992554,
148,0.3,0.992570916433608,0.4020912547528517,0.5723308389162854,
149,0.35,0.9926465030396614,0.400190114068441,0.570414810181932,
150,0.4,0.9962134709729435,0.0,0.0,
151,0.45,0.9962134709729435,0.0,0.0,
152,0.5,0.9962134709729435,0.0,0.0,
153,0.55,0.9962134709729435,0.0,0.0,
154,0.05,0.9587837035277348,0.7385931558935361,0.83440642833942,
155,0.1,0.982402718238328,0.6349809885931559,0.7713779316420083,
156,0.15,0.9877387726894794,0.5004752851711026,0.6643383609034992,
157,0.2,0.991003394198548,0.4538973384030418,0.6226224304907054,
158,0.25,0.9932853898289224,0.4291825095057034,0.5993818439931536,
159,0.3,0.9947611283280604,0.4120722433460076,0.5827462697387839,
160,0.35,0.995664568238508,0.3902091254752852,0.560682264482482,
161,0.4,0.9963178524765413,0.3754752851711027,0.5454069123296323,
162,0.45,0.9967209810421592,0.3564638783269962,0.5251241529229236,
163,0.5,0.9969027488329067,0.3341254752851711,0.5005011895785908,
164,0.55,0.9969747360767672,0.2999049429657794,0.4611031481072605,
165,0.05,0.9771278529444584,0.655893536121673,0.7849154297693833,
166,0.1,0.9803924744535268,0.6435361216730038,0.7770267390230293,
167,0.15,0.981596461107092,0.5993346007604563,0.7442509509940725,
168,0.2,0.9818106231575764,0.5964828897338403,0.7421094148699121,
169,0.25,0.9820589791488948,0.5950570342205324,0.7410756071311264,
170,0.3,0.9824063176005212,0.5917300380228137,0.7385882748860276,
171,0.35,0.9962134709729435,0.0,0.0,
172,0.4,0.9962134709729435,0.0,0.0,
173,0.45,0.9962134709729435,0.0,0.0,
174,0.5,0.9962134709729435,0.0,0.0,
175,0.55,0.9962134709729435,0.0,0.0,
176,0.05,0.973550086924597,0.6820342205323194,0.8021270456528152,
177,0.1,0.9827608547765336,0.6230988593155894,0.7626533777733747,
178,0.15,0.9866481659449944,0.5741444866920152,0.7258857912036211,
179,0.2,0.9887591918712004,0.5380228136882129,0.6968578363297006,
180,0.25,0.9901161514179688,0.5142585551330798,0.6769266981488594,
181,0.3,0.9910681827180224,0.4938212927756654,0.6591878780148626,
182,0.35,0.9959003264621508,0.1036121673003802,0.18769662341315,
183,0.4,0.9960658971230298,0.0988593155893536,0.1798668835610137,
184,0.45,0.9961828763943028,0.094106463878327,0.1719676500738172,
185,0.5,0.9962800591735144,0.0917300380228136,0.1679925727616969,
186,0.55,0.9963340496064096,0.0865019011406844,0.1591834652380887,
187,0.05,0.9654101293250836,0.6943916349809885,0.8077744373401374,
188,0.1,0.9828274429771044,0.6007604562737643,0.7457039339093426,
189,0.15,0.9831513855744762,0.5855513307984791,0.7339639259764439,
190,0.2,0.9834087399712772,0.5831749049429658,0.732165563344976,
191,0.25,0.9836462978760164,0.5803231939163498,0.7299794072238683,
192,0.3,0.9838514615210184,0.5765209125475285,0.7270199752746964,
193,0.35,0.984245591681154,0.5722433460076045,0.7237160214105978,
194,0.4,0.9961990735241716,0.0057034220532319,0.0113419095978447,
195,0.45,0.9962062722485576,0.0057034220532319,0.0113419100643994,
196,0.5,0.9962062722485576,0.0057034220532319,0.0113419100643994,
197,0.55,0.9962116712918472,0.0057034220532319,0.011341910414311,
0,0.05,0.9906740525578868,0.5503802281368821,0.707629079503001,RandomForest
1,0.1,0.9928966587120762,0.4852661596958175,0.6519162064527884,RandomForest
2,0.15,0.993866686823095,0.4824144486692015,0.649545182482556,RandomForest
3,0.2,0.9951030677363972,0.4748098859315589,0.6428744952591178,RandomForest
4,0.25,0.9955997797190338,0.464828897338403,0.6337639832293634,RandomForest
5,0.3,0.9957167589903068,0.4619771863117871,0.6311316969715522,RandomForest
6,0.35,0.9966687902903606,0.3403041825095057,0.5073708516369092,RandomForest
7,0.4,0.9967839698805372,0.3336501901140684,0.4999528290143205,RandomForest
8,0.45,0.9967857695616336,0.3303231939163498,0.4962086280979713,RandomForest
9,0.5,0.9968001670104056,0.3279467680608365,0.4935242868193309,RandomForest
10,0.55,0.9967947679671162,0.3179657794676806,0.4821358930861718,RandomForest
11,0.05,0.989601442624367,0.654467680608365,0.7878770444974524,RandomForest
12,0.1,0.9928552660468564,0.4843155893536122,0.6510489718373956,RandomForest
13,0.15,0.9939674689644996,0.4824144486692015,0.6495667046697039,RandomForest
14,0.2,0.9949356973944216,0.4762357414448669,0.6441451037309852,RandomForest
15,0.25,0.9955529880105244,0.4667300380228137,0.6355192198439489,RandomForest
16,0.3,0.9956915634549558,0.4624524714828897,0.6315700141022548,RandomForest
17,0.35,0.9965878046410176,0.4115969581749049,0.5825833651603991,RandomForest
18,0.4,0.9967857695616336,0.3336501901140684,0.4999530553854001,RandomForest
19,0.45,0.9967875692427302,0.3303231939163498,0.4962088510903062,RandomForest
20,0.5,0.9968019666915022,0.3279467680608365,0.4935245073991744,RandomForest
21,0.55,0.9967929682860196,0.3203422053231939,0.48486269915093,RandomForest
22,0.05,0.9893404888653732,0.6596958174904943,0.791569937014644,RandomForest
23,0.1,0.9930730274595342,0.4857414448669201,0.6523830219996308,RandomForest
24,0.15,0.9939890651376576,0.4824144486692015,0.6495713161846721,RandomForest
25,0.2,0.9951786543424506,0.4738593155893536,0.6420183626128316,RandomForest
26,0.25,0.9956087781245164,0.464828897338403,0.6337658063626199,RandomForest
27,0.3,0.9964852228185166,0.4153992395437262,0.5863641322078227,RandomForest
28,0.35,0.9966058014519829,0.3355513307984791,0.5020614983966081,RandomForest
29,0.4,0.9966993848690012,0.3331749049429657,0.499408440864579,RandomForest
30,0.45,0.9967839698805372,0.3298479087452471,0.4956719542673144,RandomForest
31,0.5,0.9967875692427302,0.3260456273764258,0.4913669073400727,RandomForest
32,0.55,0.996821763183564,0.3113117870722433,0.4744505856126018,RandomForest
33,0.05,0.989407077065944,0.6577946768060836,0.7902209998967834,RandomForest
34,0.1,0.993058630010762,0.4857414448669201,0.6523799152754177,RandomForest
35,0.15,0.9939782670510784,0.4828897338403042,0.6499997298738179,RandomForest
36,0.2,0.9951228642284587,0.4743346007604562,0.6424428304428239,RandomForest
37,0.25,0.9956087781245164,0.4653041825095057,0.6342074320477864,RandomForest
38,0.3,0.995921922635309,0.4591254752851711,0.6285061596348727,RandomForest
39,0.35,0.9966471941172024,0.3369771863117871,0.5036611090015012,RandomForest
40,0.4,0.9967821701994408,0.3336501901140684,0.4999526026426285,RandomForest
41,0.45,0.9967911686049232,0.3317490494296577,0.4978163523777547,RandomForest
42,0.5,0.9967947679671162,0.3279467680608365,0.4935236250762043,RandomForest
43,0.55,0.9967947679671162,0.3217680608365019,0.4864944051725869,RandomForest
44,0.05,0.989443070687874,0.6525665399239544,0.7864478221292908,RandomForest
45,0.1,0.9932889891911152,0.4843155893536122,0.6511421921449964,RandomForest
46,0.15,0.993976467369982,0.4824144486692015,0.6495686261506696,RandomForest
47,0.2,0.9951246639095552,0.4738593155893536,0.6420071270309149,RandomForest
48,0.25,0.9956015794001304,0.464828897338403,0.6337643478578121,RandomForest
49,0.3,0.995925521997502,0.4591254752851711,0.6285068763770679,RandomForest
50,0.35,0.9966094008141756,0.3369771863117871,0.5036562829594746,RandomForest
51,0.4,0.9967191813610627,0.3336501901140684,0.4999446792475615,RandomForest
52,0.45,0.9967875692427302,0.3312737642585551,0.4972806027845322,RandomForest
53,0.5,0.9967965676482128,0.3279467680608365,0.4935238456578459,RandomForest
54,0.55,0.9967893689238267,0.3217680608365019,0.4864937621402801,RandomForest
55,0.05,0.9811789350927016,0.7248098859315589,0.8337313624318011,RandomForest
56,0.1,0.9922127798954026,0.6440114068441065,0.7810620982720748,RandomForest
57,0.15,0.993404168781292,0.6345057034220533,0.7743925160203701,RandomForest
58,0.2,0.9953244285112678,0.4881178707224334,0.6550111736383817,RandomForest
59,0.25,0.995639372703157,0.4700570342205323,0.638614229352346,RandomForest
60,0.3,0.9963574454606644,0.4443916349809886,0.6146426469736375,RandomForest
61,0.35,0.996652593160492,0.4168250950570342,0.5878123373943621,RandomForest
62,0.4,0.9966939858257116,0.4134980988593156,0.5845034485149543,RandomForest
63,0.45,0.9968091654158884,0.3555133079847908,0.5241041701176583,RandomForest
64,0.5,0.9967875692427302,0.3346007604562737,0.5010196818495182,RandomForest
65,0.55,0.9967929682860196,0.3326996197718631,0.4988860329405418,RandomForest
66,0.05,0.979969549395847,0.7281368821292775,0.8354888888763362,RandomForest
67,0.1,0.9922091805332096,0.6449619771863118,0.7817596734974273,RandomForest
68,0.15,0.9931594121521666,0.6373574144486692,0.7764378812137561,RandomForest
69,0.2,0.9953586224521016,0.5275665399239544,0.6896174774750508,RandomForest
70,0.25,0.9955457892861383,0.4743346007604562,0.6425309402009568,RandomForest
71,0.3,0.99575635197443,0.466254752851711,0.6351198431499875,RandomForest
72,0.35,0.9964996202672888,0.4401140684410646,0.6105656733232578,RandomForest
73,0.4,0.9967101829555802,0.4139733840304182,0.5849809227129023,RandomForest
74,0.45,0.9968145644591778,0.3578897338403042,0.5266827596402412,RandomForest
75,0.5,0.9967875692427302,0.3336501901140684,0.4999532817558672,RandomForest
76,0.55,0.9967839698805372,0.3274714828897338,0.4929839239923774,RandomForest
77,0.05,0.9805112534058964,0.7267110266159695,0.8347458300063701,RandomForest
78,0.1,0.992189384041148,0.6449619771863118,0.7817535287570015,RandomForest
79,0.15,0.9934491608087048,0.6349809885931559,0.7747600724281107,RandomForest
80,0.2,0.9954270103337688,0.4933460076045627,0.6597243978668786,RandomForest
81,0.25,0.9956699672817976,0.4743346007604562,0.6425568010972503,RandomForest
82,0.3,0.9958751309267998,0.467680608365019,0.6364656631565057,RandomForest
83,0.35,0.9965878046410176,0.4329847908745247,0.6036872328613428,RandomForest
84,0.4,0.9967083832744836,0.4134980988593156,0.5845059242353389,RandomForest
85,0.45,0.99682896190795,0.3474334600760456,0.5152739966182215,RandomForest
86,0.5,0.9967875692427302,0.3336501901140684,0.4999532817558672,RandomForest
87,0.55,0.9967893689238267,0.3303231939163498,0.4962090740820363,RandomForest
88,0.05,0.9804806588272558,0.7262357414448669,0.8344211119342747,RandomForest
89,0.1,0.9921551901003144,0.6454372623574145,0.7820919408500717,RandomForest
90,0.15,0.9934347633599326,0.6354562737642585,0.7751093701971788,RandomForest
91,0.2,0.995364021495391,0.4847908745247148,0.6520174283768109,RandomForest
92,0.25,0.995628574616578,0.4743346007604562,0.6425481812839635,RandomForest
93,0.3,0.9957743487853952,0.466254752851711,0.6351235038606629,RandomForest
94,0.35,0.9965626091056664,0.4358365019011407,0.606448800673716,RandomForest
95,0.4,0.9967011845500976,0.4134980988593156,0.5845046863814656,RandomForest
96,0.45,0.9968145644591778,0.3583650190114068,0.5271972433770278,RandomForest
97,0.5,0.9967893689238267,0.3350760456273764,0.5015525388876496,RandomForest
98,0.55,0.9967965676482128,0.3322243346007604,0.4983519459458603,RandomForest
99,0.05,0.980424868713264,0.7271863117870723,0.8350279646857615,RandomForest
100,0.1,0.9921785859545688,0.6440114068441065,0.7810515035460439,RandomForest
101,0.15,0.9933771735648445,0.6364068441064639,0.7757985416240607,RandomForest
102,0.2,0.9953910167118388,0.4833650190114068,0.6507323535371159,RandomForest
103,0.25,0.9956447717464464,0.4738593155893536,0.6421153288049047,RandomForest
104,0.3,0.9958931277377648,0.4657794676806083,0.6347065305301152,RandomForest
105,0.35,0.9965878046410176,0.4268060836501901,0.597655703612734,RandomForest
106,0.4,0.996729979447642,0.4063688212927757,0.5773506280264376,RandomForest
107,0.45,0.996821763183564,0.345532319391635,0.5131792577292373,RandomForest
108,0.5,0.9967875692427302,0.3336501901140684,0.4999532817558672,RandomForest
109,0.55,0.9967875692427302,0.3288973384030418,0.4945983417120895,RandomForest
110,0.05,0.9820751762787634,0.7404942965779467,0.8443445426200222,RandomForest
111,0.1,0.9917898548377228,0.6877376425855514,0.8122417974731868,RandomForest
112,0.15,0.9933789732459408,0.6430608365019012,0.7807230179732271,RandomForest
113,0.2,0.9940718504680972,0.6321292775665399,0.7728218974304483,RandomForest
114,0.25,0.9951210645473622,0.6211977186311787,0.7649071971347222,RandomForest
115,0.3,0.9955241931129803,0.6074144486692015,0.7544839997421969,RandomForest
116,0.35,0.996465426326455,0.5432509505703422,0.7031565010087721,RandomForest
117,0.4,0.9966471941172024,0.4576996197718631,0.6273126016954758,RandomForest
118,0.45,0.9967011845500976,0.4282319391634981,0.5990727198678447,RandomForest
119,0.5,0.996821763183564,0.3802281368821292,0.5504806787332313,RandomForest
120,0.55,0.996821763183564,0.3664448669201521,0.5358896202500347,RandomForest
121,0.05,0.980043336320804,0.7395437262357415,0.8429755219693766,RandomForest
122,0.1,0.991656678436581,0.689638783269962,0.8135213836173459,RandomForest
123,0.15,0.9934689573007665,0.6440114068441065,0.7814510083378424,RandomForest
124,0.2,0.9941150428144132,0.6354562737642585,0.7753163477694848,RandomForest
125,0.25,0.9950652744333705,0.6240494296577946,0.7670487031133251,RandomForest
126,0.3,0.9956915634549558,0.6064638783269962,0.7537982288644188,RandomForest
127,0.35,0.9965104183538676,0.5413498098859315,0.7015731542035796,RandomForest
128,0.4,0.996737178172028,0.4462927756653992,0.6165313487392896,RandomForest
129,0.45,0.996737178172028,0.4115969581749049,0.5826088852743421,RandomForest
130,0.5,0.996843359356722,0.3769011406844106,0.5469887584102849,RandomForest
131,0.55,0.9968307615890464,0.3493346007604562,0.5173621099828022,RandomForest
132,0.05,0.979294668984656,0.7400190114068441,0.8430069289659803,RandomForest
133,0.1,0.9915990886414928,0.69106463878327,0.8144931810690536,RandomForest
134,0.15,0.9934293643166432,0.6463878326996197,0.7831856561929049,RandomForest
135,0.2,0.9940736501491936,0.6326045627376425,0.7731775366507485,RandomForest
136,0.25,0.9952596399917936,0.6192965779467681,0.7635050205961975,RandomForest
137,0.3,0.9957185586714036,0.6040874524714829,0.7519675301840855,RandomForest
138,0.35,0.9965698078300526,0.5004752851711026,0.6663240287128367,RandomForest
139,0.4,0.99667418933365,0.4415399239543726,0.6119693051260376,RandomForest
140,0.45,0.9967209810421592,0.4106463878326996,0.5816532052597586,RandomForest
141,0.5,0.9968379603134324,0.3788022813688212,0.5489872745507979,RandomForest
142,0.55,0.9968271622268534,0.3559885931558935,0.524622954291836,RandomForest
143,0.05,0.9802520993279992,0.7409695817490495,0.8439784323344014,RandomForest
144,0.1,0.9918924366602238,0.6872623574144486,0.8119446006123865,RandomForest
145,0.15,0.9934689573007665,0.6421102661596958,0.7800497920780922,RandomForest
146,0.2,0.994082648554676,0.6311787072243346,0.772114341804602,RandomForest
147,0.25,0.9952794364838552,0.6183460076045627,0.7627880041869107,RandomForest
148,0.3,0.9956069784434198,0.6040874524714829,0.7519357092801054,RandomForest
149,0.35,0.9965554103812804,0.4800380228136882,0.6479569501925962,RandomForest
150,0.4,0.9966183992196582,0.4443916349809886,0.6146922913372185,RandomForest
151,0.45,0.9967227807232558,0.4144486692015209,0.5854574652224047,RandomForest
152,0.5,0.99682896190795,0.3788022813688212,0.5489859099242245,RandomForest
153,0.55,0.9968181638213708,0.3574144486692015,0.5261684162079524,RandomForest
154,0.05,0.9795574224247464,0.7395437262357415,0.8427957212480985,RandomForest
155,0.1,0.9917844557944332,0.689638783269962,0.8135643774505241,RandomForest
156,0.15,0.9935121496470826,0.6440114068441065,0.7814643699928634,RandomForest
157,0.2,0.9940952463223516,0.6321292775665399,0.7728289675368512,RandomForest
158,0.25,0.9951930517912226,0.6197718631178707,0.7638465036317214,RandomForest
159,0.3,0.9955763838647792,0.6050380228136882,0.7526629328590697,RandomForest
160,0.35,0.9965518110190874,0.4976235741444867,0.6637877707578352,RandomForest
161,0.4,0.9966417950739128,0.4481939163498099,0.6183246798238676,RandomForest
162,0.45,0.9967281797665454,0.4139733840304182,0.5849840223127766,RandomForest
163,0.5,0.9968343609512396,0.3788022813688212,0.5489867287023109,RandomForest
164,0.55,0.9968235628646605,0.3569391634980988,0.5256539595237216,RandomForest
165,0.05,0.9842761862597948,0.7447718631178707,0.8479361916253392,RandomForest
166,0.1,0.9910573846314432,0.7062737642585551,0.8247746234995318,RandomForest
167,0.15,0.992563717709222,0.6886882129277566,0.8131641909337292,RandomForest
168,0.2,0.9942014275070458,0.6692015209125475,0.7999518192669618,RandomForest
169,0.25,0.995077872201046,0.6354562737642585,0.7756089970134227,RandomForest
170,0.3,0.9954630039556992,0.6202471482889734,0.7642869466072371,RandomForest
171,0.35,0.996020905095617,0.5988593155893536,0.7479889584210587,RandomForest
172,0.4,0.9963304502442168,0.5784220532319392,0.7319239098913912,RandomForest
173,0.45,0.996645394436106,0.5313688212927756,0.6931693213806494,RandomForest
174,0.5,0.9967911686049232,0.467680608365019,0.6366526244849536,RandomForest
175,0.55,0.9968793529786522,0.4111216730038022,0.582156830594012,RandomForest
176,0.05,0.9838154678990882,0.7442965779467681,0.8474571864117484,RandomForest
177,0.1,0.9909224085492052,0.7096007604562737,0.8269917252240776,RandomForest
178,0.15,0.992666299531723,0.688212927756654,0.8128671818833593,RandomForest
179,0.2,0.9939566708779204,0.6711026615969582,0.8012290665303222,RandomForest
180,0.25,0.9950364795358264,0.6349809885931559,0.7752423023872972,RandomForest
181,0.3,0.995657369514122,0.6183460076045627,0.7628989729627387,RandomForest
182,0.35,0.9960155060523276,0.6031368821292775,0.7513151233271886,RandomForest
183,0.4,0.9963322499253132,0.5812737642585551,0.7342033336072006,RandomForest
184,0.45,0.996648993798299,0.5370722433460076,0.6980049541785542,RandomForest
185,0.5,0.9968235628646605,0.4653041825095057,0.6344536918780078,RandomForest
186,0.55,0.9969009491518104,0.4006653992395437,0.571598933036618,RandomForest
187,0.05,0.9832269721805296,0.7442965779467681,0.8472387779431483,RandomForest
188,0.1,0.9908432225809588,0.7086501901140685,0.826318281448067,RandomForest
189,0.15,0.992677097618302,0.6886882129277566,0.8132022375922964,RandomForest
190,0.2,0.9940304578028774,0.6701520912547528,0.8005751417652307,RandomForest
191,0.25,0.9950220820870542,0.6326045627376425,0.7734642476570848,RandomForest
192,0.3,0.9955961803568408,0.6169201520912547,0.7617948849854328,RandomForest
193,0.35,0.996073095847416,0.596958174904943,0.7465189017766922,RandomForest
194,0.4,0.9963124534332516,0.5784220532319392,0.7319190537023507,RandomForest
195,0.45,0.996652593160492,0.533745247148289,0.6951899312012871,RandomForest
196,0.5,0.9968235628646605,0.4605513307984791,0.6300210336335262,RandomForest
197,0.55,0.9969027488329067,0.4025665399239543,0.5735312571165198,RandomForest
198,0.05,0.9837848733204476,0.7433460076045627,0.8468293468678555,RandomForest
199,0.1,0.9909674005766178,0.7072243346007605,0.8253912040275482,RandomForest
200,0.15,0.9926932947481706,0.688212927756654,0.8128762325895628,RandomForest
201,0.2,0.9939152782127008,0.6749049429657795,0.8039192306541663,RandomForest
202,0.25,0.9948205178042452,0.6349809885931559,0.7751767480745803,RandomForest
203,0.3,0.9956051787623234,0.6183460076045627,0.7628836517961007,RandomForest
204,0.35,0.9960550990364508,0.5979087452471483,0.7472566665771216,RandomForest
205,0.4,0.9963160527954448,0.5803231939163498,0.7334402148294026,RandomForest
206,0.45,0.996656192522685,0.5342205323193916,0.6955938294297499,RandomForest
207,0.5,0.9968235628646605,0.466254752851711,0.6353367676188348,RandomForest
208,0.55,0.9968793529786522,0.3959125475285171,0.566742302382202,RandomForest
209,0.05,0.983486126258427,0.7442965779467681,0.847334976152575,RandomForest
210,0.1,0.990812628002318,0.7100760456273765,0.827276145414238,RandomForest
211,0.15,0.9928030752950576,0.688212927756654,0.812913035800056,RandomForest
212,0.2,0.9940628520626144,0.6687262357414449,0.7995673221889352,RandomForest
213,0.25,0.9950346798547296,0.6311787072243346,0.772401343961576,RandomForest
214,0.3,0.9956231755732884,0.6173954372623575,0.7621650499754522,RandomForest
215,0.35,0.9961414837290832,0.5960076045627376,0.7457943529144213,RandomForest
216,0.4,0.9963592451417608,0.5784220532319392,0.7319316795629877,RandomForest
217,0.45,0.9967011845500976,0.5270912547528517,0.6895328581870169,RandomForest
218,0.5,0.9968343609512396,0.4486692015209125,0.6188139391530806,RandomForest
219,0.55,0.9968793529786522,0.3930608365019011,0.5638145228676333,RandomForest
220,0.05,0.9840440273983452,0.7547528517110266,0.8542803875614589,RandomForest
221,0.1,0.990258326224593,0.7328897338403042,0.8423538034364312,RandomForest
222,0.15,0.9920670057265852,0.7057984790874525,0.824799596973205,RandomForest
223,0.2,0.9938936820395426,0.6848859315589354,0.8109507582536081,RandomForest
224,0.25,0.9947683270524464,0.6711026615969582,0.8014926443955859,RandomForest
225,0.3,0.9953694205386804,0.6511406844106464,0.787271847020862,RandomForest
226,0.35,0.9957221580335964,0.6340304182509505,0.7747410809548003,RandomForest
227,0.4,0.9961000910638634,0.6064638783269962,0.753915270737161,RandomForest
228,0.45,0.9963646441850504,0.5826996197718631,0.735348538464041,RandomForest
229,0.5,0.9966201989007548,0.5565589353612167,0.714248427143925,RandomForest
230,0.55,0.9967857695616336,0.5047528517110266,0.6701532049901802,RandomForest
231,0.05,0.983765076828386,0.7557034220532319,0.8547836716027444,RandomForest
232,0.1,0.9906560557469216,0.7243346007604563,0.8368167557154128,RandomForest
233,0.15,0.9921371932893492,0.7034220532319392,0.8231988154034758,RandomForest
234,0.2,0.9939116788505076,0.6834600760456274,0.8099563494222164,RandomForest
235,0.25,0.9949410964377112,0.6668250950570342,0.7984898171642993,RandomForest
236,0.3,0.9955259927940768,0.6411596958174905,0.779980111220659,RandomForest
237,0.35,0.9957653503799128,0.6240494296577946,0.7672566106145949,RandomForest
238,0.4,0.9960748955285124,0.6045627376425855,0.752437345290631,RandomForest
239,0.45,0.9963718429094364,0.5817490494296578,0.7345931167946198,RandomForest
240,0.5,0.996666990609264,0.5461026615969582,0.7055913959925306,RandomForest
241,0.55,0.9968235628646605,0.5038022813688213,0.6693233853371849,RandomForest
242,0.05,0.983662495005885,0.7552281368821293,0.8544408484362506,RandomForest
243,0.1,0.9905480748811312,0.721958174904943,0.8351902720192942,RandomForest
244,0.15,0.9920508085967168,0.7048479087452472,0.8241445770007184,RandomForest
245,0.2,0.9938468903310334,0.685361216730038,0.8112682533349264,RandomForest
246,0.25,0.9948781075993334,0.6696768060836502,0.800510440434235,RandomForest
247,0.3,0.9954540055502163,0.6468631178707225,0.7841633903028729,RandomForest
248,0.35,0.9957959449585534,0.6259505703422054,0.7687009453208723,RandomForest
249,0.4,0.9961594805400484,0.6026615969581749,0.7509871765096975,RandomForest
250,0.45,0.9964078365313668,0.5822243346007605,0.7349817142006069,RandomForest
251,0.5,0.9966759890147466,0.5489543726235742,0.7079695842395719,RandomForest
252,0.55,0.9968451590378185,0.5009505703422054,0.6668067496354309,RandomForest
253,0.05,0.9841772037994868,0.7552281368821293,0.8546349704733959,RandomForest
254,0.1,0.9904724882750776,0.7262357414448669,0.8380183766236609,RandomForest
255,0.15,0.9920598070021992,0.7072243346007605,0.8257698871119356,RandomForest
256,0.2,0.9938324928822612,0.6858365019011406,0.8115963353624389,RandomForest
257,0.25,0.9949105018590706,0.6701520912547528,0.8008604075181377,RandomForest
258,0.3,0.995441407782541,0.6511406844106464,0.7872943628226626,RandomForest
259,0.35,0.9957617510177196,0.6288022813688213,0.7708372809656964,RandomForest
260,0.4,0.9961324853236008,0.6040874524714829,0.7520855367073649,RandomForest
261,0.45,0.9964150352557528,0.5826996197718631,0.7353622617964253,RandomForest
262,0.5,0.9966399953928164,0.5532319391634981,0.7115079188228678,RandomForest
263,0.55,0.996843359356722,0.4938212927756654,0.6604603868592375,RandomForest
264,0.05,0.9837128860765872,0.7552281368821293,0.8544598584654827,RandomForest
265,0.1,0.990423896885472,0.7281368821292775,0.8392652469096379,RandomForest
266,0.15,0.9920922012619364,0.7053231939163498,0.8244836732850229,RandomForest
267,0.2,0.993774903087173,0.685361216730038,0.8112442686418344,RandomForest
268,0.25,0.9948529120639824,0.6706273764258555,0.8011810202233582,RandomForest
269,0.3,0.9954612042746024,0.653041825095057,0.7886886345600238,RandomForest
270,0.35,0.9957941452774568,0.626425855513308,0.7690586961897917,RandomForest
271,0.4,0.996164879583338,0.6017110266159695,0.7502502416456096,RandomForest
272,0.45,0.9964132355746562,0.5822243346007605,0.7349831830055595,RandomForest
273,0.5,0.996659791884878,0.5503802281368821,0.7091501661666659,RandomForest
274,0.55,0.996832561270143,0.4990494296577947,0.6651176017669544,RandomForest
275,0.05,0.9838514615210184,0.7675855513307985,0.8623663437254502,RandomForest
276,0.1,0.989241506405065,0.7352661596958175,0.8435518353719025,RandomForest
277,0.15,0.9920886018997432,0.7210076045627376,0.8351001230068924,RandomForest
278,0.2,0.9934689573007665,0.7034220532319392,0.823656875343238,RandomForest
279,0.25,0.9945847595806024,0.6820342205323194,0.809177099030805,RandomForest
280,0.3,0.99518405338574,0.6639733840304183,0.7965196174374851,RandomForest
281,0.35,0.9955979800379372,0.6539923954372624,0.7894244747517314,RandomForest
282,0.4,0.995918323273116,0.6383079847908745,0.7779860289948013,RandomForest
283,0.45,0.9963016553466726,0.6083650190114068,0.7554404726932351,RandomForest
284,0.5,0.9965410129325084,0.5788973384030418,0.7323611736467477,RandomForest
285,0.55,0.9967389778531244,0.5403992395437263,0.7008309071484843,RandomForest
286,0.05,0.9838298653478604,0.7647338403041825,0.860555424662502,RandomForest
287,0.1,0.9901251498234512,0.7371673003802282,0.8451236889825522,RandomForest
288,0.15,0.9923009642691316,0.7186311787072244,0.8335788353879747,RandomForest
289,0.2,0.99358053752875,0.7029467680608364,0.8233692736483952,RandomForest
290,0.25,0.99476652737135,0.6758555133079848,0.804871988525635,RandomForest
291,0.3,0.9952524412674074,0.6639733840304183,0.7965415211328937,RandomForest
292,0.35,0.9956195762110954,0.6535171102661597,0.789084899638933,RandomForest
293,0.4,0.995914723910923,0.6383079847908745,0.7779849307664221,RandomForest
294,0.45,0.996285458216804,0.6093155893536122,0.7561682424863793,RandomForest
295,0.5,0.9965212164404468,0.5826996197718631,0.7353911759512493,RandomForest
296,0.55,0.996737178172028,0.5399239543726235,0.7004306509889733,RandomForest
297,0.05,0.9846433212034827,0.7623574144486692,0.8593586953775625,RandomForest
298,0.1,0.9901323485478372,0.7366920152091255,0.8448138797259999,RandomForest
299,0.15,0.992225377663078,0.7186311787072244,0.833552164310034,RandomForest
300,0.2,0.9935013515605036,0.7038973384030418,0.823993751377624,RandomForest
301,0.25,0.9946891410842,0.6768060836501901,0.8055202935246745,RandomForest
302,0.3,0.995247042224118,0.6639733840304183,0.7965397919594295,RandomForest
303,0.35,0.9956105778056128,0.6563688212927756,0.791157252660109,RandomForest
304,0.4,0.995925521997502,0.6397338403041825,0.7790463876877762,RandomForest
305,0.45,0.9962872578979004,0.6107414448669202,0.7572657767023248,RandomForest
306,0.5,0.9965032196294816,0.5846007604562737,0.7368984549149306,RandomForest
307,0.55,0.9967083832744836,0.5461026615969582,0.7056017686048548,RandomForest
308,0.05,0.9836372994705338,0.7656844106463878,0.8610831747861409,RandomForest
309,0.1,0.9900981546070036,0.7366920152091255,0.844801432764627,RandomForest
310,0.15,0.9922829674581664,0.7186311787072244,0.8335724853450736,RandomForest
311,0.2,0.9936417266860312,0.7019961977186312,0.8227378073925454,RandomForest
312,0.25,0.9946873414031032,0.6763307984790875,0.8051829813117776,RandomForest
313,0.3,0.9952254460509598,0.6634980988593155,0.7961907738241517,RandomForest
314,0.35,0.9956339736598676,0.654467680608365,0.789781957724334,RandomForest
315,0.4,0.995939919446274,0.6368821292775665,0.7769325959619617,RandomForest
316,0.45,0.996299855665576,0.6083650190114068,0.7554399553427754,RandomForest
317,0.5,0.996546411975798,0.5812737642585551,0.7342614739913058,RandomForest
318,0.55,0.9967353784909314,0.5361216730038023,0.6972227946990296,RandomForest
319,0.05,0.983846062477729,0.7618821292775665,0.8587530825267812,RandomForest
320,0.1,0.9901197507801618,0.7376425855513308,0.845433978520053,RandomForest
321,0.15,0.9922199786197886,0.719106463878327,0.8338698947152988,RandomForest
322,0.2,0.9936651225402858,0.7019961977186312,0.8227458272414764,RandomForest
323,0.25,0.9947359327927092,0.6768060836501901,0.8055356363368453,RandomForest
324,0.3,0.9952506415863108,0.6630228136882129,0.7958565321185995,RandomForest
325,0.35,0.995639372703157,0.6549429657794676,0.7901296268618456,RandomForest
326,0.4,0.995939919446274,0.6330798479087453,0.7740967977976483,RandomForest
327,0.45,0.996296256303383,0.6078897338403042,0.7550723791274451,RandomForest
328,0.5,0.9965248158026396,0.5812737642585551,0.7342556118109794,RandomForest
329,0.55,0.9967083832744836,0.5394486692015209,0.7000234905315038,RandomForest
330,0.05,0.9823343303566608,0.7994296577946768,0.8814940730413805,RandomForest
331,0.1,0.9900729590716524,0.7428707224334601,0.8488402966778378,RandomForest
332,0.15,0.9922685700093944,0.7195817490494296,0.8342065251671117,RandomForest
333,0.2,0.9935625407177848,0.7096007604562737,0.82790973005137,RandomForest
334,0.25,0.9943526007191524,0.6977186311787072,0.820034431652856,RandomForest
335,0.3,0.9950292808114404,0.6815589353612167,0.8089894593571968,RandomForest
336,0.35,0.9955151947074978,0.6634980988593155,0.7962834796264819,RandomForest
337,0.4,0.9958625331591242,0.6463878326996197,0.783940668070885,RandomForest
338,0.45,0.9962386665082948,0.6273764258555133,0.7699074205858483,RandomForest
339,0.5,0.9964240336612352,0.6064638783269962,0.7540080368599834,RandomForest
340,0.55,0.9966309969873338,0.5708174904942965,0.7258859339781728,RandomForest
341,0.05,0.981180734773798,0.8013307984790875,0.8821826136673189,RandomForest
342,0.1,0.9899487810759934,0.7438212927756654,0.8494148021436447,RandomForest
343,0.15,0.9923693521507988,0.7195817490494296,0.8342421388357187,RandomForest
344,0.2,0.993495952517214,0.7086501901140685,0.8272393045411849,RandomForest
345,0.25,0.9943256055027048,0.6953422053231939,0.8183816427225665,RandomForest
346,0.3,0.9950310804925367,0.6787072243346007,0.8069777465450269,RandomForest
347,0.35,0.9954917988532432,0.6620722433460076,0.795248294147168,RandomForest
348,0.4,0.9958733312457032,0.6482889733840305,0.7853405928549176,RandomForest
349,0.45,0.9961846760753994,0.6326045627376425,0.7738152443515175,RandomForest
350,0.5,0.9964312323856211,0.6102661596958175,0.7569418666961047,RandomForest
351,0.55,0.9966903864635188,0.5727186311787072,0.7274370765397146,RandomForest
352,0.05,0.9808261975977856,0.8003802281368821,0.8814631302176614,RandomForest
353,0.1,0.9898605967022645,0.7452471482889734,0.8503112144193781,RandomForest
354,0.15,0.9922559722417188,0.7210076045627376,0.8351594131166509,RandomForest
355,0.2,0.9935049509226964,0.7072243346007605,0.8262700993269565,RandomForest
356,0.25,0.9943238058216084,0.6962927756653993,0.8190390301942414,RandomForest
357,0.3,0.9950472776224052,0.6801330798479087,0.8079900967148209,RandomForest
358,0.35,0.995536790880656,0.6644486692015209,0.7969745660411487,RandomForest
359,0.4,0.9958913280566684,0.6492395437262357,0.7860432777943147,RandomForest
360,0.45,0.9962170703351366,0.6311787072243346,0.7727573233745436,RandomForest
361,0.5,0.9964492291965864,0.6055133079847909,0.7532801236055449,RandomForest
362,0.55,0.9966795883769396,0.5717680608365019,0.7266669764941007,RandomForest
363,0.05,0.9806246333149766,0.8032319391634981,0.8831080233257794,RandomForest
364,0.1,0.989774212009632,0.7447718631178707,0.8499699079948039,RandomForest
365,0.15,0.9923657527886058,0.7195817490494296,0.834240866991186,RandomForest
366,0.2,0.9935445439068196,0.7081749049429658,0.826932210727672,RandomForest
367,0.25,0.9943454019947664,0.6958174904942965,0.8187174447802735,RandomForest
368,0.3,0.9950490773035018,0.6801330798479087,0.8079906900358435,RandomForest
369,0.35,0.9955169943885944,0.6620722433460076,0.7952563334263892,RandomForest
370,0.4,0.9958715315646068,0.6473384030418251,0.784642148639704,RandomForest
371,0.45,0.9962278684217156,0.629277566539924,0.771334054351491,RandomForest
372,0.5,0.9964438301532969,0.6074144486692015,0.75474795711595,RandomForest
373,0.55,0.996681388058036,0.5755703422053232,0.7297307887181014,RandomForest
374,0.05,0.9809503755934448,0.8018060836501901,0.8823773711003271,RandomForest
375,0.1,0.9898713947888436,0.7447718631178707,0.8500057398933135,RandomForest
376,0.15,0.9922937655447456,0.7200570342205324,0.8345347296729333,RandomForest
377,0.2,0.9935157490092756,0.7096007604562737,0.8278934848015777,RandomForest
378,0.25,0.99434360231367,0.6948669201520913,0.8180584566855141,RandomForest
379,0.3,0.9950526766656947,0.6796577946768061,0.8076563912181423,RandomForest
380,0.35,0.9955115953453048,0.6620722433460076,0.7952546107442732,RandomForest
381,0.4,0.9958697318835102,0.6473384030418251,0.7846415900374721,RandomForest
382,0.45,0.9962098716107506,0.6297528517110266,0.771685597155465,RandomForest
383,0.5,0.9964186346179456,0.6059885931558935,0.7536390452073859,RandomForest
384,0.55,0.9966759890147466,0.5760456273764258,0.7301112153598323,RandomForest
385,0.05,0.9792424782328571,0.8155893536121673,0.8899549536409977,RandomForest
386,0.1,0.9893458879086626,0.7547528517110266,0.8562721975138468,RandomForest
387,0.15,0.9918978357035132,0.7267110266159695,0.8388448474650774,RandomForest
388,0.2,0.9933015869587908,0.7119771863117871,0.8294339671930457,RandomForest
389,0.25,0.9941942287826596,0.6996197718631179,0.8212919945913387,RandomForest
390,0.3,0.9948997037724916,0.688212927756654,0.8136149953736921,RandomForest
391,0.35,0.9954018147984176,0.6715779467680608,0.8020372201319779,RandomForest
392,0.4,0.9958211404939044,0.654467680608365,0.7898408372959997,RandomForest
393,0.45,0.9961738779888204,0.6406844106463878,0.7798269139752406,RandomForest
394,0.5,0.9964294327045248,0.6169201520912547,0.7620386839472115,RandomForest
395,0.55,0.9966076011330792,0.5850760456273765,0.7373044989209984,RandomForest
396,0.05,0.9781482721261792,0.8184410646387833,0.8911961090173928,RandomForest
397,0.1,0.9892828990702848,0.754277566539924,0.8559426672583377,RandomForest
398,0.15,0.9920220136991724,0.7257604562737643,0.838255555497982,RandomForest
399,0.2,0.9933447793051072,0.7110266159695817,0.8288036033443634,RandomForest
400,0.25,0.9942068265503352,0.6996197718631179,0.8212962930531525,RandomForest
401,0.3,0.9948457133395964,0.686787072243346,0.8125997312326365,RandomForest
402,0.35,0.9954144125660932,0.6696768060836502,0.8006839950515847,RandomForest
403,0.4,0.9958085427262288,0.6525665399239544,0.7884508107327138,RandomForest
404,0.45,0.9961504821345658,0.6402091254752852,0.779467576739658,RandomForest
405,0.5,0.9964168349368492,0.6211977186311787,0.7652896832600609,RandomForest
406,0.55,0.9966112004952722,0.5893536121673004,0.7406928656282153,RandomForest
407,0.05,0.9782310574566186,0.8179657794676806,0.8909486009140759,RandomForest
408,0.1,0.9892972965190568,0.7566539923954373,0.8574760977925734,RandomForest
409,0.15,0.9919590248607948,0.7271863117870723,0.8391832957403694,RandomForest
410,0.2,0.9933177840886596,0.7100760456273765,0.828148079290161,RandomForest
411,0.25,0.994181631014984,0.6996197718631179,0.8212876960655845,RandomForest
412,0.3,0.9948313158908242,0.6886882129277566,0.8139241504210089,RandomForest
413,0.35,0.9953928163929352,0.6720532319391636,0.8023731382194202,RandomForest
414,0.4,0.995804943364036,0.6554182509505704,0.7905275755752686,RandomForest
415,0.45,0.9961486824534692,0.6378326996197718,0.7777031125603061,RandomForest
416,0.5,0.9964006378069806,0.6169201520912547,0.7620302631300989,RandomForest
417,0.55,0.9966273976251409,0.5874524714828897,0.739194076384695,RandomForest
418,0.05,0.9787457662502204,0.8174904942965779,0.890879866770989,RandomForest
419,0.1,0.9894088767470404,0.7552281368821293,0.8566015930682698,RandomForest
420,0.15,0.9920490089156202,0.7290874524714829,0.8404801139989012,RandomForest
421,0.2,0.9933393802618176,0.7119771863117871,0.8294471429812121,RandomForest
422,0.25,0.9941888297393702,0.6991444866920152,0.8209625739933077,RandomForest
423,0.3,0.9948403142963068,0.688212927756654,0.8135951356085107,RandomForest
424,0.35,0.9953838179874526,0.6711026615969582,0.8016923482373634,RandomForest
425,0.4,0.995840936985966,0.654467680608365,0.7898470641620007,RandomForest
426,0.45,0.9961468827723728,0.6406844106463878,0.7798186423638657,RandomForest
427,0.5,0.9964096362124631,0.620722433460076,0.7649267808263934,RandomForest
428,0.55,0.9966471941172024,0.5893536121673004,0.7407028061800517,RandomForest
429,0.05,0.978574796546052,0.8174904942965779,0.8908090348533979,RandomForest
430,0.1,0.9894124761092334,0.7557034220532319,0.856908581034886,RandomForest
431,0.15,0.9920598070021992,0.7257604562737643,0.8382690477846724,RandomForest
432,0.2,0.9933609764349756,0.7105513307984791,0.8284862557453686,RandomForest
433,0.25,0.9941996278259492,0.6991444866920152,0.8209662554780053,RandomForest
434,0.3,0.9949105018590706,0.6891634980988594,0.8142825098821278,RandomForest
435,0.35,0.9953928163929352,0.6720532319391636,0.8023731382194202,RandomForest
436,0.4,0.9958499353914486,0.6549429657794676,0.7901959230548422,RandomForest
437,0.45,0.9961738779888204,0.6392585551330798,0.7787697749014669,RandomForest
438,0.5,0.9964204342990424,0.6159695817490495,0.7613104423279696,RandomForest
439,0.55,0.9966399953928164,0.5860266159695817,0.7380677138784405,RandomForest
0,0.05,0.9944851523332048,0.0272108843537414,0.0529723508753189,SupportVectorMachine
1,0.1,0.9944851523332048,0.0272108843537414,0.0529723508753189,SupportVectorMachine
2,0.15,0.9944851523332048,0.0272108843537414,0.0529723508753189,SupportVectorMachine
3,0.2,0.9944851523332048,0.0272108843537414,0.0529723508753189,SupportVectorMachine
4,0.25,0.9944851523332048,0.0272108843537414,0.0529723508753189,SupportVectorMachine
5,0.3,0.9944851523332048,0.0272108843537414,0.0529723508753189,SupportVectorMachine
6,0.35,0.9944851523332048,0.0272108843537414,0.0529723508753189,SupportVectorMachine
7,0.4,0.9944851523332048,0.0272108843537414,0.0529723508753189,SupportVectorMachine
8,0.45,0.9944851523332048,0.0272108843537414,0.0529723508753189,SupportVectorMachine
9,0.5,0.9944851523332048,0.0272108843537414,0.0529723508753189,SupportVectorMachine
10,0.55,0.9944851523332048,0.0272108843537414,0.0529723508753189,SupportVectorMachine
11,0.05,0.9944851523332048,0.0272108843537414,0.0529723508753189,SupportVectorMachine
12,0.1,0.9944851523332048,0.0272108843537414,0.0529723508753189,SupportVectorMachine
13,0.15,0.9944851523332048,0.0272108843537414,0.0529723508753189,SupportVectorMachine
14,0.2,0.9944851523332048,0.0272108843537414,0.0529723508753189,SupportVectorMachine
15,0.25,0.9944851523332048,0.0272108843537414,0.0529723508753189,SupportVectorMachine
16,0.3,0.9944851523332048,0.0272108843537414,0.0529723508753189,SupportVectorMachine
17,0.35,0.9944851523332048,0.0272108843537414,0.0529723508753189,SupportVectorMachine
18,0.4,0.9944851523332048,0.0272108843537414,0.0529723508753189,SupportVectorMachine
19,0.45,0.9944851523332048,0.0272108843537414,0.0529723508753189,SupportVectorMachine
20,0.5,0.9944851523332048,0.0272108843537414,0.0529723508753189,SupportVectorMachine
21,0.55,0.9944851523332048,0.0272108843537414,0.0529723508753189,SupportVectorMachine
