max_depth,n_estimators,cut_off,accuracy,recall,Performance
3,200,0.05,0.9906740525578868,0.5503802281368821,0.707629079503001
3,200,0.1,0.9928966587120762,0.4852661596958175,0.6519162064527884
3,200,0.15000000000000002,0.993866686823095,0.4824144486692015,0.649545182482556
3,200,0.2,0.9951030677363971,0.47480988593155893,0.6428744952591178
3,200,0.25,0.9955997797190338,0.46482889733840305,0.6337639832293634
3,200,0.3,0.9957167589903069,0.4619771863117871,0.6311316969715522
3,200,0.35000000000000003,0.9966687902903606,0.3403041825095057,0.5073708516369092
3,200,0.4,0.9967839698805372,0.33365019011406843,0.4999528290143205
3,200,0.45,0.9967857695616337,0.3303231939163498,0.4962086280979713
3,200,0.5,0.9968001670104057,0.3279467680608365,0.4935242868193309
3,200,0.55,0.9967947679671162,0.3179657794676806,0.4821358930861718
3,400,0.05,0.989601442624367,0.654467680608365,0.7878770444974524
3,400,0.1,0.9928552660468565,0.4843155893536122,0.6510489718373956
3,400,0.15000000000000002,0.9939674689644995,0.4824144486692015,0.6495667046697039
3,400,0.2,0.9949356973944217,0.4762357414448669,0.6441451037309852
3,400,0.25,0.9955529880105245,0.4667300380228137,0.6355192198439489
3,400,0.3,0.9956915634549558,0.46245247148288976,0.6315700141022548
3,400,0.35000000000000003,0.9965878046410176,0.41159695817490494,0.5825833651603991
3,400,0.4,0.9967857695616337,0.33365019011406843,0.4999530553854001
3,400,0.45,0.9967875692427302,0.3303231939163498,0.4962088510903062
3,400,0.5,0.9968019666915022,0.3279467680608365,0.4935245073991744
3,400,0.55,0.9967929682860197,0.3203422053231939,0.48486269915093
3,600,0.05,0.9893404888653731,0.6596958174904943,0.791569937014644
3,600,0.1,0.9930730274595342,0.48574144486692017,0.6523830219996308
3,600,0.15000000000000002,0.9939890651376576,0.4824144486692015,0.6495713161846721
3,600,0.2,0.9951786543424506,0.4738593155893536,0.6420183626128316
3,600,0.25,0.9956087781245163,0.46482889733840305,0.6337658063626199
3,600,0.3,0.9964852228185166,0.41539923954372626,0.5863641322078227
3,600,0.35000000000000003,0.9966058014519827,0.3355513307984791,0.5020614983966081
3,600,0.4,0.9966993848690012,0.33317490494296575,0.49940844086457903
3,600,0.45,0.9967839698805372,0.32984790874524716,0.4956719542673144
3,600,0.5,0.9967875692427302,0.32604562737642584,0.4913669073400727
3,600,0.55,0.9968217631835639,0.31131178707224333,0.4744505856126018
3,800,0.05,0.9894070770659439,0.6577946768060836,0.7902209998967834
3,800,0.1,0.9930586300107621,0.48574144486692017,0.6523799152754177
3,800,0.15000000000000002,0.9939782670510785,0.4828897338403042,0.6499997298738179
3,800,0.2,0.9951228642284587,0.47433460076045625,0.6424428304428239
3,800,0.25,0.9956087781245163,0.4653041825095057,0.6342074320477864
3,800,0.3,0.995921922635309,0.4591254752851711,0.6285061596348727
3,800,0.35000000000000003,0.9966471941172025,0.3369771863117871,0.5036611090015012
3,800,0.4,0.9967821701994407,0.33365019011406843,0.49995260264262853
3,800,0.45,0.9967911686049232,0.33174904942965777,0.4978163523777547
3,800,0.5,0.9967947679671162,0.3279467680608365,0.49352362507620434
3,800,0.55,0.9967947679671162,0.3217680608365019,0.4864944051725869
3,1000,0.05,0.9894430706878741,0.6525665399239544,0.7864478221292908
3,1000,0.1,0.9932889891911153,0.4843155893536122,0.6511421921449964
3,1000,0.15000000000000002,0.993976467369982,0.4824144486692015,0.6495686261506696
3,1000,0.2,0.9951246639095552,0.4738593155893536,0.6420071270309149
3,1000,0.25,0.9956015794001303,0.46482889733840305,0.6337643478578121
3,1000,0.3,0.9959255219975021,0.4591254752851711,0.6285068763770679
3,1000,0.35000000000000003,0.9966094008141757,0.3369771863117871,0.5036562829594746
3,1000,0.4,0.9967191813610629,0.33365019011406843,0.4999446792475615
3,1000,0.45,0.9967875692427302,0.33127376425855515,0.4972806027845322
3,1000,0.5,0.9967965676482128,0.3279467680608365,0.4935238456578459
3,1000,0.55,0.9967893689238267,0.3217680608365019,0.4864937621402801
4,200,0.05,0.9811789350927016,0.7248098859315589,0.8337313624318011
4,200,0.1,0.9922127798954026,0.6440114068441065,0.7810620982720748
4,200,0.15000000000000002,0.993404168781292,0.6345057034220533,0.7743925160203701
4,200,0.2,0.9953244285112678,0.48811787072243346,0.6550111736383817
4,200,0.25,0.995639372703157,0.4700570342205323,0.638614229352346
4,200,0.3,0.9963574454606644,0.4443916349809886,0.6146426469736375
4,200,0.35000000000000003,0.9966525931604919,0.41682509505703425,0.5878123373943621
4,200,0.4,0.9966939858257117,0.4134980988593156,0.5845034485149543
4,200,0.45,0.9968091654158883,0.35551330798479086,0.5241041701176583
4,200,0.5,0.9967875692427302,0.33460076045627374,0.5010196818495182
4,200,0.55,0.9967929682860197,0.33269961977186313,0.49888603294054185
4,400,0.05,0.979969549395847,0.7281368821292775,0.8354888888763362
4,400,0.1,0.9922091805332095,0.6449619771863118,0.7817596734974273
4,400,0.15000000000000002,0.9931594121521666,0.6373574144486692,0.7764378812137561
4,400,0.2,0.9953586224521015,0.5275665399239544,0.6896174774750508
4,400,0.25,0.9955457892861385,0.47433460076045625,0.6425309402009568
4,400,0.3,0.9957563519744301,0.46625475285171103,0.6351198431499875
4,400,0.35000000000000003,0.9964996202672887,0.44011406844106465,0.6105656733232578
4,400,0.4,0.9967101829555802,0.4139733840304182,0.5849809227129023
4,400,0.45,0.9968145644591778,0.3578897338403042,0.5266827596402412
4,400,0.5,0.9967875692427302,0.33365019011406843,0.4999532817558672
4,400,0.55,0.9967839698805372,0.3274714828897338,0.4929839239923774
4,600,0.05,0.9805112534058965,0.7267110266159695,0.8347458300063701
4,600,0.1,0.9921893840411479,0.6449619771863118,0.7817535287570015
4,600,0.15000000000000002,0.9934491608087047,0.6349809885931559,0.7747600724281107
4,600,0.2,0.9954270103337689,0.49334600760456276,0.6597243978668786
4,600,0.25,0.9956699672817977,0.47433460076045625,0.6425568010972503
4,600,0.3,0.9958751309267998,0.467680608365019,0.6364656631565057
4,600,0.35000000000000003,0.9965878046410176,0.43298479087452474,0.6036872328613428
4,600,0.4,0.9967083832744837,0.4134980988593156,0.5845059242353389
4,600,0.45,0.9968289619079499,0.34743346007604564,0.5152739966182215
4,600,0.5,0.9967875692427302,0.33365019011406843,0.4999532817558672
4,600,0.55,0.9967893689238267,0.3303231939163498,0.49620907408203635
4,800,0.05,0.9804806588272558,0.7262357414448669,0.8344211119342747
4,800,0.1,0.9921551901003143,0.6454372623574145,0.7820919408500717
4,800,0.15000000000000002,0.9934347633599326,0.6354562737642585,0.7751093701971788
4,800,0.2,0.995364021495391,0.4847908745247148,0.6520174283768109
4,800,0.25,0.9956285746165779,0.47433460076045625,0.6425481812839635
4,800,0.3,0.9957743487853953,0.46625475285171103,0.6351235038606629
4,800,0.35000000000000003,0.9965626091056665,0.4358365019011407,0.606448800673716
4,800,0.4,0.9967011845500977,0.4134980988593156,0.5845046863814656
4,800,0.45,0.9968145644591778,0.3583650190114068,0.5271972433770278
4,800,0.5,0.9967893689238267,0.3350760456273764,0.5015525388876496
4,800,0.55,0.9967965676482128,0.33222433460076045,0.49835194594586035
4,1000,0.05,0.9804248687132641,0.7271863117870723,0.8350279646857615
4,1000,0.1,0.9921785859545689,0.6440114068441065,0.7810515035460439
4,1000,0.15000000000000002,0.9933771735648443,0.6364068441064639,0.7757985416240607
4,1000,0.2,0.9953910167118387,0.4833650190114068,0.6507323535371159
4,1000,0.25,0.9956447717464465,0.4738593155893536,0.6421153288049047
4,1000,0.3,0.9958931277377648,0.46577946768060835,0.6347065305301152
4,1000,0.35000000000000003,0.9965878046410176,0.4268060836501901,0.597655703612734
4,1000,0.4,0.9967299794476419,0.4063688212927757,0.5773506280264376
4,1000,0.45,0.9968217631835639,0.345532319391635,0.5131792577292373
4,1000,0.5,0.9967875692427302,0.33365019011406843,0.4999532817558672
4,1000,0.55,0.9967875692427302,0.3288973384030418,0.49459834171208955
5,200,0.05,0.9820751762787634,0.7404942965779467,0.8443445426200222
5,200,0.1,0.9917898548377228,0.6877376425855514,0.8122417974731868
5,200,0.15000000000000002,0.9933789732459408,0.6430608365019012,0.7807230179732271
5,200,0.2,0.9940718504680971,0.6321292775665399,0.7728218974304483
5,200,0.25,0.9951210645473622,0.6211977186311787,0.7649071971347222
5,200,0.3,0.9955241931129803,0.6074144486692015,0.7544839997421969
5,200,0.35000000000000003,0.996465426326455,0.5432509505703422,0.7031565010087721
5,200,0.4,0.9966471941172025,0.45769961977186313,0.6273126016954758
5,200,0.45,0.9967011845500977,0.4282319391634981,0.5990727198678447
5,200,0.5,0.9968217631835639,0.38022813688212925,0.5504806787332313
5,200,0.55,0.9968217631835639,0.3664448669201521,0.5358896202500347
5,400,0.05,0.980043336320804,0.7395437262357415,0.8429755219693766
5,400,0.1,0.991656678436581,0.689638783269962,0.8135213836173459
5,400,0.15000000000000002,0.9934689573007663,0.6440114068441065,0.7814510083378424
5,400,0.2,0.9941150428144133,0.6354562737642585,0.7753163477694848
5,400,0.25,0.9950652744333705,0.6240494296577946,0.7670487031133251
5,400,0.3,0.9956915634549558,0.6064638783269962,0.7537982288644188
5,400,0.35000000000000003,0.9965104183538677,0.5413498098859315,0.7015731542035796
5,400,0.4,0.9967371781720279,0.44629277566539927,0.6165313487392896
5,400,0.45,0.9967371781720279,0.41159695817490494,0.5826088852743421
5,400,0.5,0.996843359356722,0.37690114068441066,0.5469887584102849
5,400,0.55,0.9968307615890464,0.34933460076045625,0.5173621099828022
5,600,0.05,0.9792946689846559,0.7400190114068441,0.8430069289659803
5,600,0.1,0.9915990886414927,0.69106463878327,0.8144931810690536
5,600,0.15000000000000002,0.9934293643166431,0.6463878326996197,0.7831856561929049
5,600,0.2,0.9940736501491936,0.6326045627376425,0.7731775366507485
5,600,0.25,0.9952596399917935,0.6192965779467681,0.7635050205961975
5,600,0.3,0.9957185586714035,0.6040874524714829,0.7519675301840855
5,600,0.35000000000000003,0.9965698078300526,0.5004752851711026,0.6663240287128367
5,600,0.4,0.99667418933365,0.44153992395437264,0.6119693051260376
5,600,0.45,0.9967209810421593,0.41064638783269963,0.5816532052597586
5,600,0.5,0.9968379603134324,0.37880228136882127,0.5489872745507979
5,600,0.55,0.9968271622268534,0.35598859315589354,0.524622954291836
5,800,0.05,0.9802520993279991,0.7409695817490495,0.8439784323344014
5,800,0.1,0.9918924366602238,0.6872623574144486,0.8119446006123865
5,800,0.15000000000000002,0.9934689573007663,0.6421102661596958,0.7800497920780922
5,800,0.2,0.9940826485546761,0.6311787072243346,0.772114341804602
5,800,0.25,0.9952794364838551,0.6183460076045627,0.7627880041869107
5,800,0.3,0.9956069784434198,0.6040874524714829,0.7519357092801054
5,800,0.35000000000000003,0.9965554103812805,0.48003802281368824,0.6479569501925962
5,800,0.4,0.9966183992196582,0.4443916349809886,0.6146922913372185
5,800,0.45,0.9967227807232558,0.4144486692015209,0.5854574652224047
5,800,0.5,0.9968289619079499,0.37880228136882127,0.5489859099242245
5,800,0.55,0.9968181638213709,0.3574144486692015,0.5261684162079524
5,1000,0.05,0.9795574224247463,0.7395437262357415,0.8427957212480985
5,1000,0.1,0.9917844557944332,0.689638783269962,0.8135643774505241
5,1000,0.15000000000000002,0.9935121496470826,0.6440114068441065,0.7814643699928634
5,1000,0.2,0.9940952463223517,0.6321292775665399,0.7728289675368512
5,1000,0.25,0.9951930517912226,0.6197718631178707,0.7638465036317214
5,1000,0.3,0.9955763838647792,0.6050380228136882,0.7526629328590697
5,1000,0.35000000000000003,0.9965518110190874,0.4976235741444867,0.6637877707578352
5,1000,0.4,0.9966417950739129,0.4481939163498099,0.6183246798238676
5,1000,0.45,0.9967281797665454,0.4139733840304182,0.5849840223127766
5,1000,0.5,0.9968343609512395,0.37880228136882127,0.5489867287023109
5,1000,0.55,0.9968235628646603,0.35693916349809884,0.5256539595237216
6,200,0.05,0.9842761862597947,0.7447718631178707,0.8479361916253392
6,200,0.1,0.9910573846314433,0.7062737642585551,0.8247746234995318
6,200,0.15000000000000002,0.9925637177092219,0.6886882129277566,0.8131641909337292
6,200,0.2,0.9942014275070458,0.6692015209125475,0.7999518192669618
6,200,0.25,0.9950778722010459,0.6354562737642585,0.7756089970134227
6,200,0.3,0.9954630039556991,0.6202471482889734,0.7642869466072371
6,200,0.35000000000000003,0.996020905095617,0.5988593155893536,0.7479889584210587
6,200,0.4,0.9963304502442167,0.5784220532319392,0.7319239098913912
6,200,0.45,0.9966453944361059,0.5313688212927756,0.6931693213806494
6,200,0.5,0.9967911686049232,0.467680608365019,0.6366526244849536
6,200,0.55,0.9968793529786522,0.41112167300380226,0.582156830594012
6,400,0.05,0.9838154678990882,0.7442965779467681,0.8474571864117484
6,400,0.1,0.9909224085492051,0.7096007604562737,0.8269917252240776
6,400,0.15000000000000002,0.992666299531723,0.688212927756654,0.8128671818833593
6,400,0.2,0.9939566708779204,0.6711026615969582,0.8012290665303222
6,400,0.25,0.9950364795358263,0.6349809885931559,0.7752423023872972
6,400,0.3,0.9956573695141221,0.6183460076045627,0.7628989729627387
6,400,0.35000000000000003,0.9960155060523276,0.6031368821292775,0.7513151233271886
6,400,0.4,0.9963322499253132,0.5812737642585551,0.7342033336072006
6,400,0.45,0.996648993798299,0.5370722433460076,0.6980049541785542
6,400,0.5,0.9968235628646603,0.4653041825095057,0.6344536918780078
6,400,0.55,0.9969009491518103,0.40066539923954375,0.571598933036618
6,600,0.05,0.9832269721805296,0.7442965779467681,0.8472387779431483
6,600,0.1,0.9908432225809587,0.7086501901140685,0.826318281448067
6,600,0.15000000000000002,0.992677097618302,0.6886882129277566,0.8132022375922964
6,600,0.2,0.9940304578028774,0.6701520912547528,0.8005751417652307
6,600,0.25,0.9950220820870542,0.6326045627376425,0.7734642476570848
6,600,0.3,0.9955961803568407,0.6169201520912547,0.7617948849854328
6,600,0.35000000000000003,0.9960730958474159,0.596958174904943,0.7465189017766922
6,600,0.4,0.9963124534332516,0.5784220532319392,0.7319190537023507
6,600,0.45,0.9966525931604919,0.533745247148289,0.6951899312012871
6,600,0.5,0.9968235628646603,0.4605513307984791,0.6300210336335262
6,600,0.55,0.9969027488329069,0.40256653992395436,0.5735312571165198
6,800,0.05,0.9837848733204476,0.7433460076045627,0.8468293468678555
6,800,0.1,0.9909674005766178,0.7072243346007605,0.8253912040275482
6,800,0.15000000000000002,0.9926932947481706,0.688212927756654,0.8128762325895628
6,800,0.2,0.9939152782127008,0.6749049429657795,0.8039192306541663
6,800,0.25,0.9948205178042451,0.6349809885931559,0.7751767480745803
6,800,0.3,0.9956051787623234,0.6183460076045627,0.7628836517961007
6,800,0.35000000000000003,0.9960550990364507,0.5979087452471483,0.7472566665771216
6,800,0.4,0.9963160527954447,0.5803231939163498,0.7334402148294026
6,800,0.45,0.996656192522685,0.5342205323193916,0.6955938294297499
6,800,0.5,0.9968235628646603,0.46625475285171103,0.6353367676188348
6,800,0.55,0.9968793529786522,0.3959125475285171,0.566742302382202
6,1000,0.05,0.983486126258427,0.7442965779467681,0.847334976152575
6,1000,0.1,0.990812628002318,0.7100760456273765,0.827276145414238
6,1000,0.15000000000000002,0.9928030752950577,0.688212927756654,0.812913035800056
6,1000,0.2,0.9940628520626145,0.6687262357414449,0.7995673221889352
6,1000,0.25,0.9950346798547297,0.6311787072243346,0.772401343961576
6,1000,0.3,0.9956231755732884,0.6173954372623575,0.7621650499754522
6,1000,0.35000000000000003,0.9961414837290832,0.5960076045627376,0.7457943529144213
6,1000,0.4,0.9963592451417609,0.5784220532319392,0.7319316795629877
6,1000,0.45,0.9967011845500977,0.5270912547528517,0.6895328581870169
6,1000,0.5,0.9968343609512395,0.44866920152091255,0.6188139391530806
6,1000,0.55,0.9968793529786522,0.39306083650190116,0.5638145228676333
7,200,0.05,0.9840440273983451,0.7547528517110266,0.8542803875614589
7,200,0.1,0.990258326224593,0.7328897338403042,0.8423538034364312
7,200,0.15000000000000002,0.9920670057265852,0.7057984790874525,0.824799596973205
7,200,0.2,0.9938936820395426,0.6848859315589354,0.8109507582536081
7,200,0.25,0.9947683270524463,0.6711026615969582,0.8014926443955859
7,200,0.3,0.9953694205386805,0.6511406844106464,0.787271847020862
7,200,0.35000000000000003,0.9957221580335964,0.6340304182509505,0.7747410809548003
7,200,0.4,0.9961000910638634,0.6064638783269962,0.753915270737161
7,200,0.45,0.9963646441850504,0.5826996197718631,0.735348538464041
7,200,0.5,0.9966201989007548,0.5565589353612167,0.714248427143925
7,200,0.55,0.9967857695616337,0.5047528517110266,0.6701532049901802
7,400,0.05,0.983765076828386,0.7557034220532319,0.8547836716027444
7,400,0.1,0.9906560557469216,0.7243346007604563,0.8368167557154128
7,400,0.15000000000000002,0.9921371932893491,0.7034220532319392,0.8231988154034758
7,400,0.2,0.9939116788505077,0.6834600760456274,0.8099563494222164
7,400,0.25,0.9949410964377112,0.6668250950570342,0.7984898171642993
7,400,0.3,0.9955259927940769,0.6411596958174905,0.779980111220659
7,400,0.35000000000000003,0.9957653503799127,0.6240494296577946,0.7672566106145949
7,400,0.4,0.9960748955285124,0.6045627376425855,0.752437345290631
7,400,0.45,0.9963718429094365,0.5817490494296578,0.7345931167946198
7,400,0.5,0.996666990609264,0.5461026615969582,0.7055913959925306
7,400,0.55,0.9968235628646603,0.5038022813688213,0.6693233853371849
7,600,0.05,0.983662495005885,0.7552281368821293,0.8544408484362506
7,600,0.1,0.9905480748811311,0.721958174904943,0.8351902720192942
7,600,0.15000000000000002,0.9920508085967167,0.7048479087452472,0.8241445770007184
7,600,0.2,0.9938468903310334,0.685361216730038,0.8112682533349264
7,600,0.25,0.9948781075993334,0.6696768060836502,0.800510440434235
7,600,0.3,0.9954540055502165,0.6468631178707225,0.7841633903028729
7,600,0.35000000000000003,0.9957959449585534,0.6259505703422054,0.7687009453208723
7,600,0.4,0.9961594805400483,0.6026615969581749,0.7509871765096975
7,600,0.45,0.9964078365313667,0.5822243346007605,0.7349817142006069
7,600,0.5,0.9966759890147466,0.5489543726235742,0.7079695842395719
7,600,0.55,0.9968451590378185,0.5009505703422054,0.6668067496354309
7,800,0.05,0.9841772037994867,0.7552281368821293,0.8546349704733959
7,800,0.1,0.9904724882750776,0.7262357414448669,0.8380183766236609
7,800,0.15000000000000002,0.9920598070021992,0.7072243346007605,0.8257698871119356
7,800,0.2,0.9938324928822613,0.6858365019011406,0.8115963353624389
7,800,0.25,0.9949105018590706,0.6701520912547528,0.8008604075181377
7,800,0.3,0.995441407782541,0.6511406844106464,0.7872943628226626
7,800,0.35000000000000003,0.9957617510177197,0.6288022813688213,0.7708372809656964
7,800,0.4,0.9961324853236007,0.6040874524714829,0.7520855367073649
7,800,0.45,0.9964150352557527,0.5826996197718631,0.7353622617964253
7,800,0.5,0.9966399953928164,0.5532319391634981,0.7115079188228678
7,800,0.55,0.996843359356722,0.4938212927756654,0.6604603868592375
7,1000,0.05,0.9837128860765872,0.7552281368821293,0.8544598584654827
7,1000,0.1,0.9904238968854719,0.7281368821292775,0.8392652469096379
7,1000,0.15000000000000002,0.9920922012619364,0.7053231939163498,0.8244836732850229
7,1000,0.2,0.993774903087173,0.685361216730038,0.8112442686418344
7,1000,0.25,0.9948529120639823,0.6706273764258555,0.8011810202233582
7,1000,0.3,0.9954612042746025,0.653041825095057,0.7886886345600238
7,1000,0.35000000000000003,0.9957941452774568,0.626425855513308,0.7690586961897917
7,1000,0.4,0.9961648795833379,0.6017110266159695,0.7502502416456096
7,1000,0.45,0.9964132355746562,0.5822243346007605,0.7349831830055595
7,1000,0.5,0.996659791884878,0.5503802281368821,0.7091501661666659
7,1000,0.55,0.996832561270143,0.4990494296577947,0.6651176017669544
8,200,0.05,0.9838514615210184,0.7675855513307985,0.8623663437254502
8,200,0.1,0.989241506405065,0.7352661596958175,0.8435518353719025
8,200,0.15000000000000002,0.9920886018997433,0.7210076045627376,0.8351001230068924
8,200,0.2,0.9934689573007663,0.7034220532319392,0.823656875343238
8,200,0.25,0.9945847595806023,0.6820342205323194,0.809177099030805
8,200,0.3,0.99518405338574,0.6639733840304183,0.7965196174374851
8,200,0.35000000000000003,0.9955979800379373,0.6539923954372624,0.7894244747517314
8,200,0.4,0.995918323273116,0.6383079847908745,0.7779860289948013
8,200,0.45,0.9963016553466726,0.6083650190114068,0.7554404726932351
8,200,0.5,0.9965410129325084,0.5788973384030418,0.7323611736467477
8,200,0.55,0.9967389778531244,0.5403992395437263,0.7008309071484843
8,400,0.05,0.9838298653478603,0.7647338403041825,0.860555424662502
8,400,0.1,0.9901251498234512,0.7371673003802282,0.8451236889825522
8,400,0.15000000000000002,0.9923009642691315,0.7186311787072244,0.8335788353879747
8,400,0.2,0.9935805375287499,0.7029467680608364,0.8233692736483952
8,400,0.25,0.9947665273713499,0.6758555133079848,0.804871988525635
8,400,0.3,0.9952524412674074,0.6639733840304183,0.7965415211328937
8,400,0.35000000000000003,0.9956195762110954,0.6535171102661597,0.789084899638933
8,400,0.4,0.995914723910923,0.6383079847908745,0.7779849307664221
8,400,0.45,0.996285458216804,0.6093155893536122,0.7561682424863793
8,400,0.5,0.9965212164404468,0.5826996197718631,0.7353911759512493
8,400,0.55,0.9967371781720279,0.5399239543726235,0.7004306509889733
8,600,0.05,0.9846433212034827,0.7623574144486692,0.8593586953775625
8,600,0.1,0.9901323485478373,0.7366920152091255,0.8448138797259999
8,600,0.15000000000000002,0.9922253776630781,0.7186311787072244,0.833552164310034
8,600,0.2,0.9935013515605035,0.7038973384030418,0.823993751377624
8,600,0.25,0.9946891410841999,0.6768060836501901,0.8055202935246745
8,600,0.3,0.9952470422241179,0.6639733840304183,0.7965397919594295
8,600,0.35000000000000003,0.9956105778056128,0.6563688212927756,0.791157252660109
8,600,0.4,0.9959255219975021,0.6397338403041825,0.7790463876877762
8,600,0.45,0.9962872578979005,0.6107414448669202,0.7572657767023248
8,600,0.5,0.9965032196294816,0.5846007604562737,0.7368984549149306
8,600,0.55,0.9967083832744837,0.5461026615969582,0.7056017686048548
8,800,0.05,0.9836372994705338,0.7656844106463878,0.8610831747861409
8,800,0.1,0.9900981546070037,0.7366920152091255,0.844801432764627
8,800,0.15000000000000002,0.9922829674581665,0.7186311787072244,0.8335724853450736
8,800,0.2,0.9936417266860312,0.7019961977186312,0.8227378073925454
8,800,0.25,0.9946873414031033,0.6763307984790875,0.8051829813117776
8,800,0.3,0.9952254460509598,0.6634980988593155,0.7961907738241517
8,800,0.35000000000000003,0.9956339736598675,0.654467680608365,0.789781957724334
8,800,0.4,0.9959399194462741,0.6368821292775665,0.7769325959619617
8,800,0.45,0.9962998556655761,0.6083650190114068,0.7554399553427754
8,800,0.5,0.9965464119757979,0.5812737642585551,0.7342614739913058
8,800,0.55,0.9967353784909314,0.5361216730038023,0.6972227946990296
8,1000,0.05,0.983846062477729,0.7618821292775665,0.8587530825267812
8,1000,0.1,0.9901197507801618,0.7376425855513308,0.845433978520053
8,1000,0.15000000000000002,0.9922199786197886,0.719106463878327,0.8338698947152988
8,1000,0.2,0.9936651225402858,0.7019961977186312,0.8227458272414764
8,1000,0.25,0.9947359327927091,0.6768060836501901,0.8055356363368453
8,1000,0.3,0.9952506415863109,0.6630228136882129,0.7958565321185995
8,1000,0.35000000000000003,0.995639372703157,0.6549429657794676,0.7901296268618456
8,1000,0.4,0.9959399194462741,0.6330798479087453,0.7740967977976483
8,1000,0.45,0.996296256303383,0.6078897338403042,0.7550723791274451
8,1000,0.5,0.9965248158026397,0.5812737642585551,0.7342556118109794
8,1000,0.55,0.9967083832744837,0.5394486692015209,0.7000234905315038
9,200,0.05,0.9823343303566608,0.7994296577946768,0.8814940730413805
9,200,0.1,0.9900729590716525,0.7428707224334601,0.8488402966778378
9,200,0.15000000000000002,0.9922685700093944,0.7195817490494296,0.8342065251671117
9,200,0.2,0.9935625407177848,0.7096007604562737,0.82790973005137
9,200,0.25,0.9943526007191525,0.6977186311787072,0.820034431652856
9,200,0.3,0.9950292808114403,0.6815589353612167,0.8089894593571968
9,200,0.35000000000000003,0.9955151947074978,0.6634980988593155,0.7962834796264819
9,200,0.4,0.9958625331591242,0.6463878326996197,0.783940668070885
9,200,0.45,0.9962386665082947,0.6273764258555133,0.7699074205858483
9,200,0.5,0.9964240336612352,0.6064638783269962,0.7540080368599834
9,200,0.55,0.9966309969873338,0.5708174904942965,0.7258859339781728
9,400,0.05,0.9811807347737981,0.8013307984790875,0.8821826136673189
9,400,0.1,0.9899487810759934,0.7438212927756654,0.8494148021436447
9,400,0.15000000000000002,0.9923693521507989,0.7195817490494296,0.8342421388357187
9,400,0.2,0.9934959525172139,0.7086501901140685,0.8272393045411849
9,400,0.25,0.9943256055027049,0.6953422053231939,0.8183816427225665
9,400,0.3,0.9950310804925367,0.6787072243346007,0.8069777465450269
9,400,0.35000000000000003,0.9954917988532432,0.6620722433460076,0.795248294147168
9,400,0.4,0.9958733312457032,0.6482889733840305,0.7853405928549176
9,400,0.45,0.9961846760753994,0.6326045627376425,0.7738152443515175
9,400,0.5,0.9964312323856213,0.6102661596958175,0.7569418666961047
9,400,0.55,0.9966903864635187,0.5727186311787072,0.7274370765397146
9,600,0.05,0.9808261975977857,0.8003802281368821,0.8814631302176614
9,600,0.1,0.9898605967022643,0.7452471482889734,0.8503112144193781
9,600,0.15000000000000002,0.9922559722417188,0.7210076045627376,0.8351594131166509
9,600,0.2,0.9935049509226965,0.7072243346007605,0.8262700993269565
9,600,0.25,0.9943238058216084,0.6962927756653993,0.8190390301942414
9,600,0.3,0.9950472776224053,0.6801330798479087,0.8079900967148209
9,600,0.35000000000000003,0.9955367908806559,0.6644486692015209,0.7969745660411487
9,600,0.4,0.9958913280566684,0.6492395437262357,0.7860432777943147
9,600,0.45,0.9962170703351366,0.6311787072243346,0.7727573233745436
9,600,0.5,0.9964492291965864,0.6055133079847909,0.7532801236055449
9,600,0.55,0.9966795883769396,0.5717680608365019,0.7266669764941007
9,800,0.05,0.9806246333149766,0.8032319391634981,0.8831080233257794
9,800,0.1,0.9897742120096319,0.7447718631178707,0.8499699079948039
9,800,0.15000000000000002,0.9923657527886058,0.7195817490494296,0.834240866991186
9,800,0.2,0.9935445439068197,0.7081749049429658,0.826932210727672
9,800,0.25,0.9943454019947665,0.6958174904942965,0.8187174447802735
9,800,0.3,0.9950490773035018,0.6801330798479087,0.8079906900358435
9,800,0.35000000000000003,0.9955169943885943,0.6620722433460076,0.7952563334263892
9,800,0.4,0.9958715315646067,0.6473384030418251,0.784642148639704
9,800,0.45,0.9962278684217156,0.629277566539924,0.771334054351491
9,800,0.5,0.9964438301532969,0.6074144486692015,0.75474795711595
9,800,0.55,0.9966813880580361,0.5755703422053232,0.7297307887181014
9,1000,0.05,0.9809503755934449,0.8018060836501901,0.8823773711003271
9,1000,0.1,0.9898713947888435,0.7447718631178707,0.8500057398933135
9,1000,0.15000000000000002,0.9922937655447455,0.7200570342205324,0.8345347296729333
9,1000,0.2,0.9935157490092755,0.7096007604562737,0.8278934848015777
9,1000,0.25,0.99434360231367,0.6948669201520913,0.8180584566855141
9,1000,0.3,0.9950526766656949,0.6796577946768061,0.8076563912181423
9,1000,0.35000000000000003,0.9955115953453049,0.6620722433460076,0.7952546107442732
9,1000,0.4,0.9958697318835102,0.6473384030418251,0.7846415900374721
9,1000,0.45,0.9962098716107506,0.6297528517110266,0.771685597155465
9,1000,0.5,0.9964186346179457,0.6059885931558935,0.7536390452073859
9,1000,0.55,0.9966759890147466,0.5760456273764258,0.7301112153598323
10,200,0.05,0.9792424782328571,0.8155893536121673,0.8899549536409977
10,200,0.1,0.9893458879086626,0.7547528517110266,0.8562721975138468
10,200,0.15000000000000002,0.9918978357035133,0.7267110266159695,0.8388448474650774
10,200,0.2,0.9933015869587909,0.7119771863117871,0.8294339671930457
10,200,0.25,0.9941942287826597,0.6996197718631179,0.8212919945913387
10,200,0.3,0.9948997037724915,0.688212927756654,0.8136149953736921
10,200,0.35000000000000003,0.9954018147984177,0.6715779467680608,0.8020372201319779
10,200,0.4,0.9958211404939045,0.654467680608365,0.7898408372959997
10,200,0.45,0.9961738779888204,0.6406844106463878,0.7798269139752406
10,200,0.5,0.9964294327045248,0.6169201520912547,0.7620386839472115
10,200,0.55,0.9966076011330792,0.5850760456273765,0.7373044989209984
10,400,0.05,0.9781482721261793,0.8184410646387833,0.8911961090173928
10,400,0.1,0.9892828990702848,0.754277566539924,0.8559426672583377
10,400,0.15000000000000002,0.9920220136991725,0.7257604562737643,0.838255555497982
10,400,0.2,0.9933447793051071,0.7110266159695817,0.8288036033443634
10,400,0.25,0.9942068265503353,0.6996197718631179,0.8212962930531525
10,400,0.3,0.9948457133395963,0.686787072243346,0.8125997312326365
10,400,0.35000000000000003,0.9954144125660933,0.6696768060836502,0.8006839950515847
10,400,0.4,0.9958085427262289,0.6525665399239544,0.7884508107327138
10,400,0.45,0.9961504821345658,0.6402091254752852,0.779467576739658
10,400,0.5,0.9964168349368492,0.6211977186311787,0.7652896832600609
10,400,0.55,0.9966112004952722,0.5893536121673004,0.7406928656282153
10,600,0.05,0.9782310574566186,0.8179657794676806,0.8909486009140759
10,600,0.1,0.9892972965190568,0.7566539923954373,0.8574760977925734
10,600,0.15000000000000002,0.9919590248607947,0.7271863117870723,0.8391832957403694
10,600,0.2,0.9933177840886595,0.7100760456273765,0.828148079290161
10,600,0.25,0.9941816310149841,0.6996197718631179,0.8212876960655845
10,600,0.3,0.9948313158908242,0.6886882129277566,0.8139241504210089
10,600,0.35000000000000003,0.9953928163929352,0.6720532319391636,0.8023731382194202
10,600,0.4,0.9958049433640359,0.6554182509505704,0.7905275755752686
10,600,0.45,0.9961486824534692,0.6378326996197718,0.7777031125603061
10,600,0.5,0.9964006378069806,0.6169201520912547,0.7620302631300989
10,600,0.55,0.9966273976251409,0.5874524714828897,0.739194076384695
10,800,0.05,0.9787457662502205,0.8174904942965779,0.890879866770989
10,800,0.1,0.9894088767470405,0.7552281368821293,0.8566015930682698
10,800,0.15000000000000002,0.9920490089156202,0.7290874524714829,0.8404801139989012
10,800,0.2,0.9933393802618176,0.7119771863117871,0.8294471429812121
10,800,0.25,0.9941888297393702,0.6991444866920152,0.8209625739933077
10,800,0.3,0.9948403142963067,0.688212927756654,0.8135951356085107
10,800,0.35000000000000003,0.9953838179874526,0.6711026615969582,0.8016923482373634
10,800,0.4,0.9958409369859661,0.654467680608365,0.7898470641620007
10,800,0.45,0.9961468827723727,0.6406844106463878,0.7798186423638657
10,800,0.5,0.9964096362124631,0.620722433460076,0.7649267808263934
10,800,0.55,0.9966471941172025,0.5893536121673004,0.7407028061800517
10,1000,0.05,0.9785747965460521,0.8174904942965779,0.8908090348533979
10,1000,0.1,0.9894124761092334,0.7557034220532319,0.856908581034886
10,1000,0.15000000000000002,0.9920598070021992,0.7257604562737643,0.8382690477846724
10,1000,0.2,0.9933609764349757,0.7105513307984791,0.8284862557453686
10,1000,0.25,0.9941996278259493,0.6991444866920152,0.8209662554780053
10,1000,0.3,0.9949105018590706,0.6891634980988594,0.8142825098821278
10,1000,0.35000000000000003,0.9953928163929352,0.6720532319391636,0.8023731382194202
10,1000,0.4,0.9958499353914486,0.6549429657794676,0.7901959230548422
10,1000,0.45,0.9961738779888204,0.6392585551330798,0.7787697749014669
10,1000,0.5,0.9964204342990423,0.6159695817490495,0.7613104423279696
10,1000,0.55,0.9966399953928164,0.5860266159695817,0.7380677138784405
